id,split,image,label,h,w,n,outside,role
1,train,/kaggle/input/datasets/tthien/shanghaitech/ShanghaiTech/part_B/train_data/images/IMG_1.jpg,/kaggle/input/datasets/tthien/shanghaitech/ShanghaiTech/part_B/train_data/ground-truth/GT_IMG_1.mat,768,1024,233,0,train
2,train,/kaggle/input/datasets/tthien/shanghaitech/ShanghaiTech/part_B/train_data/images/IMG_2.jpg,/kaggle/input/datasets/tthien/shanghaitech/ShanghaiTech/part_B/train_data/ground-truth/GT_IMG_2.mat,768,1024,152,0,val
3,train,/kaggle/input/datasets/tthien/shanghaitech/ShanghaiTech/part_B/train_data/images/IMG_3.jpg,/kaggle/input/datasets/tthien/shanghaitech/ShanghaiTech/part_B/train_data/ground-truth/GT_IMG_3.mat,768,1024,29,0,train
4,train,/kaggle/input/datasets/tthien/shanghaitech/ShanghaiTech/part_B/train_data/images/IMG_4.jpg,/kaggle/input/datasets/tthien/shanghaitech/ShanghaiTech/part_B/train_data/ground-truth/GT_IMG_4.mat,768,1024,291,0,train
5,train,/kaggle/input/datasets/tthien/shanghaitech/ShanghaiTech/part_B/train_data/images/IMG_5.jpg,/kaggle/input/datasets/tthien/shanghaitech/ShanghaiTech/part_B/train_data/ground-truth/GT_IMG_5.mat,768,1024,96,0,train
6,train,/kaggle/input/datasets/tthien/shanghaitech/ShanghaiTech/part_B/train_data/images/IMG_6.jpg,/kaggle/input/datasets/tthien/shanghaitech/ShanghaiTech/part_B/train_data/ground-truth/GT_IMG_6.mat,768,1024,36,0,train
7,train,/kaggle/input/datasets/tthien/shanghaitech/ShanghaiTech/part_B/train_data/images/IMG_7.jpg,/kaggle/input/datasets/tthien/shanghaitech/ShanghaiTech/part_B/train_data/ground-truth/GT_IMG_7.mat,768,1024,118,0,val
8,train,/kaggle/input/datasets/tthien/shanghaitech/ShanghaiTech/part_B/train_data/images/IMG_8.jpg,/kaggle/input/datasets/tthien/shanghaitech/ShanghaiTech/part_B/train_data/ground-truth/GT_IMG_8.mat,768,1024,99,0,train
9,train,/kaggle/input/datasets/tthien/shanghaitech/ShanghaiTech/part_B/train_data/images/IMG_9.jpg,/kaggle/input/datasets/tthien/shanghaitech/ShanghaiTech/part_B/train_data/ground-truth/GT_IMG_9.mat,768,1024,167,0,val
10,train,/kaggle/input/datasets/tthien/shanghaitech/ShanghaiTech/part_B/train_data/images/IMG_10.jpg,/kaggle/input/datasets/tthien/shanghaitech/ShanghaiTech/part_B/train_data/ground-truth/GT_IMG_10.mat,768,1024,229,0,train
11,train,/kaggle/input/datasets/tthien/shanghaitech/ShanghaiTech/part_B/train_data/images/IMG_11.jpg,/kaggle/input/datasets/tthien/shanghaitech/ShanghaiTech/part_B/train_data/ground-truth/GT_IMG_11.mat,768,1024,139,0,train
12,train,/kaggle/input/datasets/tthien/shanghaitech/ShanghaiTech/part_B/train_data/images/IMG_12.jpg,/kaggle/input/datasets/tthien/shanghaitech/ShanghaiTech/part_B/train_data/ground-truth/GT_IMG_12.mat,768,1024,100,0,train
13,train,/kaggle/input/datasets/tthien/shanghaitech/ShanghaiTech/part_B/train_data/images/IMG_13.jpg,/kaggle/input/datasets/tthien/shanghaitech/ShanghaiTech/part_B/train_data/ground-truth/GT_IMG_13.mat,768,1024,117,0,train
14,train,/kaggle/input/datasets/tthien/shanghaitech/ShanghaiTech/part_B/train_data/images/IMG_14.jpg,/kaggle/input/datasets/tthien/shanghaitech/ShanghaiTech/part_B/train_data/ground-truth/GT_IMG_14.mat,768,1024,50,0,val
15,train,/kaggle/input/datasets/tthien/shanghaitech/ShanghaiTech/part_B/train_data/images/IMG_15.jpg,/kaggle/input/datasets/tthien/shanghaitech/ShanghaiTech/part_B/train_data/ground-truth/GT_IMG_15.mat,768,1024,238,0,val
16,train,/kaggle/input/datasets/tthien/shanghaitech/ShanghaiTech/part_B/train_data/images/IMG_16.jpg,/kaggle/input/datasets/tthien/shanghaitech/ShanghaiTech/part_B/train_data/ground-truth/GT_IMG_16.mat,768,1024,42,0,train
17,train,/kaggle/input/datasets/tthien/shanghaitech/ShanghaiTech/part_B/train_data/images/IMG_17.jpg,/kaggle/input/datasets/tthien/shanghaitech/ShanghaiTech/part_B/train_data/ground-truth/GT_IMG_17.mat,768,1024,49,0,train
18,train,/kaggle/input/datasets/tthien/shanghaitech/ShanghaiTech/part_B/train_data/images/IMG_18.jpg,/kaggle/input/datasets/tthien/shanghaitech/ShanghaiTech/part_B/train_data/ground-truth/GT_IMG_18.mat,768,1024,178,0,train
19,train,/kaggle/input/datasets/tthien/shanghaitech/ShanghaiTech/part_B/train_data/images/IMG_19.jpg,/kaggle/input/datasets/tthien/shanghaitech/ShanghaiTech/part_B/train_data/ground-truth/GT_IMG_19.mat,768,1024,43,0,train
20,train,/kaggle/input/datasets/tthien/shanghaitech/ShanghaiTech/part_B/train_data/images/IMG_20.jpg,/kaggle/input/datasets/tthien/shanghaitech/ShanghaiTech/part_B/train_data/ground-truth/GT_IMG_20.mat,768,1024,90,0,train
21,train,/kaggle/input/datasets/tthien/shanghaitech/ShanghaiTech/part_B/train_data/images/IMG_21.jpg,/kaggle/input/datasets/tthien/shanghaitech/ShanghaiTech/part_B/train_data/ground-truth/GT_IMG_21.mat,768,1024,151,0,train
22,train,/kaggle/input/datasets/tthien/shanghaitech/ShanghaiTech/part_B/train_data/images/IMG_22.jpg,/kaggle/input/datasets/tthien/shanghaitech/ShanghaiTech/part_B/train_data/ground-truth/GT_IMG_22.mat,768,1024,50,0,train
23,train,/kaggle/input/datasets/tthien/shanghaitech/ShanghaiTech/part_B/train_data/images/IMG_23.jpg,/kaggle/input/datasets/tthien/shanghaitech/ShanghaiTech/part_B/train_data/ground-truth/GT_IMG_23.mat,768,1024,154,0,train
24,train,/kaggle/input/datasets/tthien/shanghaitech/ShanghaiTech/part_B/train_data/images/IMG_24.jpg,/kaggle/input/datasets/tthien/shanghaitech/ShanghaiTech/part_B/train_data/ground-truth/GT_IMG_24.mat,768,1024,104,0,train
25,train,/kaggle/input/datasets/tthien/shanghaitech/ShanghaiTech/part_B/train_data/images/IMG_25.jpg,/kaggle/input/datasets/tthien/shanghaitech/ShanghaiTech/part_B/train_data/ground-truth/GT_IMG_25.mat,768,1024,166,0,train
26,train,/kaggle/input/datasets/tthien/shanghaitech/ShanghaiTech/part_B/train_data/images/IMG_26.jpg,/kaggle/input/datasets/tthien/shanghaitech/ShanghaiTech/part_B/train_data/ground-truth/GT_IMG_26.mat,768,1024,81,0,train
27,train,/kaggle/input/datasets/tthien/shanghaitech/ShanghaiTech/part_B/train_data/images/IMG_27.jpg,/kaggle/input/datasets/tthien/shanghaitech/ShanghaiTech/part_B/train_data/ground-truth/GT_IMG_27.mat,768,1024,195,0,train
28,train,/kaggle/input/datasets/tthien/shanghaitech/ShanghaiTech/part_B/train_data/images/IMG_28.jpg,/kaggle/input/datasets/tthien/shanghaitech/ShanghaiTech/part_B/train_data/ground-truth/GT_IMG_28.mat,768,1024,96,0,val
29,train,/kaggle/input/datasets/tthien/shanghaitech/ShanghaiTech/part_B/train_data/images/IMG_29.jpg,/kaggle/input/datasets/tthien/shanghaitech/ShanghaiTech/part_B/train_data/ground-truth/GT_IMG_29.mat,768,1024,90,0,train
30,train,/kaggle/input/datasets/tthien/shanghaitech/ShanghaiTech/part_B/train_data/images/IMG_30.jpg,/kaggle/input/datasets/tthien/shanghaitech/ShanghaiTech/part_B/train_data/ground-truth/GT_IMG_30.mat,768,1024,287,0,train
31,train,/kaggle/input/datasets/tthien/shanghaitech/ShanghaiTech/part_B/train_data/images/IMG_31.jpg,/kaggle/input/datasets/tthien/shanghaitech/ShanghaiTech/part_B/train_data/ground-truth/GT_IMG_31.mat,768,1024,172,0,train
32,train,/kaggle/input/datasets/tthien/shanghaitech/ShanghaiTech/part_B/train_data/images/IMG_32.jpg,/kaggle/input/datasets/tthien/shanghaitech/ShanghaiTech/part_B/train_data/ground-truth/GT_IMG_32.mat,768,1024,56,0,val
33,train,/kaggle/input/datasets/tthien/shanghaitech/ShanghaiTech/part_B/train_data/images/IMG_33.jpg,/kaggle/input/datasets/tthien/shanghaitech/ShanghaiTech/part_B/train_data/ground-truth/GT_IMG_33.mat,768,1024,276,0,train
34,train,/kaggle/input/datasets/tthien/shanghaitech/ShanghaiTech/part_B/train_data/images/IMG_34.jpg,/kaggle/input/datasets/tthien/shanghaitech/ShanghaiTech/part_B/train_data/ground-truth/GT_IMG_34.mat,768,1024,97,0,train
35,train,/kaggle/input/datasets/tthien/shanghaitech/ShanghaiTech/part_B/train_data/images/IMG_35.jpg,/kaggle/input/datasets/tthien/shanghaitech/ShanghaiTech/part_B/train_data/ground-truth/GT_IMG_35.mat,768,1024,21,0,train
36,train,/kaggle/input/datasets/tthien/shanghaitech/ShanghaiTech/part_B/train_data/images/IMG_36.jpg,/kaggle/input/datasets/tthien/shanghaitech/ShanghaiTech/part_B/train_data/ground-truth/GT_IMG_36.mat,768,1024,32,0,val
37,train,/kaggle/input/datasets/tthien/shanghaitech/ShanghaiTech/part_B/train_data/images/IMG_37.jpg,/kaggle/input/datasets/tthien/shanghaitech/ShanghaiTech/part_B/train_data/ground-truth/GT_IMG_37.mat,768,1024,115,0,train
38,train,/kaggle/input/datasets/tthien/shanghaitech/ShanghaiTech/part_B/train_data/images/IMG_38.jpg,/kaggle/input/datasets/tthien/shanghaitech/ShanghaiTech/part_B/train_data/ground-truth/GT_IMG_38.mat,768,1024,65,0,train
39,train,/kaggle/input/datasets/tthien/shanghaitech/ShanghaiTech/part_B/train_data/images/IMG_39.jpg,/kaggle/input/datasets/tthien/shanghaitech/ShanghaiTech/part_B/train_data/ground-truth/GT_IMG_39.mat,768,1024,335,0,train
40,train,/kaggle/input/datasets/tthien/shanghaitech/ShanghaiTech/part_B/train_data/images/IMG_40.jpg,/kaggle/input/datasets/tthien/shanghaitech/ShanghaiTech/part_B/train_data/ground-truth/GT_IMG_40.mat,768,1024,84,0,train
41,train,/kaggle/input/datasets/tthien/shanghaitech/ShanghaiTech/part_B/train_data/images/IMG_41.jpg,/kaggle/input/datasets/tthien/shanghaitech/ShanghaiTech/part_B/train_data/ground-truth/GT_IMG_41.mat,768,1024,101,0,train
42,train,/kaggle/input/datasets/tthien/shanghaitech/ShanghaiTech/part_B/train_data/images/IMG_42.jpg,/kaggle/input/datasets/tthien/shanghaitech/ShanghaiTech/part_B/train_data/ground-truth/GT_IMG_42.mat,768,1024,43,0,train
43,train,/kaggle/input/datasets/tthien/shanghaitech/ShanghaiTech/part_B/train_data/images/IMG_43.jpg,/kaggle/input/datasets/tthien/shanghaitech/ShanghaiTech/part_B/train_data/ground-truth/GT_IMG_43.mat,768,1024,266,0,train
44,train,/kaggle/input/datasets/tthien/shanghaitech/ShanghaiTech/part_B/train_data/images/IMG_44.jpg,/kaggle/input/datasets/tthien/shanghaitech/ShanghaiTech/part_B/train_data/ground-truth/GT_IMG_44.mat,768,1024,156,0,train
45,train,/kaggle/input/datasets/tthien/shanghaitech/ShanghaiTech/part_B/train_data/images/IMG_45.jpg,/kaggle/input/datasets/tthien/shanghaitech/ShanghaiTech/part_B/train_data/ground-truth/GT_IMG_45.mat,768,1024,30,0,train
46,train,/kaggle/input/datasets/tthien/shanghaitech/ShanghaiTech/part_B/train_data/images/IMG_46.jpg,/kaggle/input/datasets/tthien/shanghaitech/ShanghaiTech/part_B/train_data/ground-truth/GT_IMG_46.mat,768,1024,85,0,train
47,train,/kaggle/input/datasets/tthien/shanghaitech/ShanghaiTech/part_B/train_data/images/IMG_47.jpg,/kaggle/input/datasets/tthien/shanghaitech/ShanghaiTech/part_B/train_data/ground-truth/GT_IMG_47.mat,768,1024,94,0,train
48,train,/kaggle/input/datasets/tthien/shanghaitech/ShanghaiTech/part_B/train_data/images/IMG_48.jpg,/kaggle/input/datasets/tthien/shanghaitech/ShanghaiTech/part_B/train_data/ground-truth/GT_IMG_48.mat,768,1024,89,0,train
49,train,/kaggle/input/datasets/tthien/shanghaitech/ShanghaiTech/part_B/train_data/images/IMG_49.jpg,/kaggle/input/datasets/tthien/shanghaitech/ShanghaiTech/part_B/train_data/ground-truth/GT_IMG_49.mat,768,1024,201,0,train
50,train,/kaggle/input/datasets/tthien/shanghaitech/ShanghaiTech/part_B/train_data/images/IMG_50.jpg,/kaggle/input/datasets/tthien/shanghaitech/ShanghaiTech/part_B/train_data/ground-truth/GT_IMG_50.mat,768,1024,185,0,train
51,train,/kaggle/input/datasets/tthien/shanghaitech/ShanghaiTech/part_B/train_data/images/IMG_51.jpg,/kaggle/input/datasets/tthien/shanghaitech/ShanghaiTech/part_B/train_data/ground-truth/GT_IMG_51.mat,768,1024,521,0,train
52,train,/kaggle/input/datasets/tthien/shanghaitech/ShanghaiTech/part_B/train_data/images/IMG_52.jpg,/kaggle/input/datasets/tthien/shanghaitech/ShanghaiTech/part_B/train_data/ground-truth/GT_IMG_52.mat,768,1024,23,0,train
53,train,/kaggle/input/datasets/tthien/shanghaitech/ShanghaiTech/part_B/train_data/images/IMG_53.jpg,/kaggle/input/datasets/tthien/shanghaitech/ShanghaiTech/part_B/train_data/ground-truth/GT_IMG_53.mat,768,1024,125,0,train
54,train,/kaggle/input/datasets/tthien/shanghaitech/ShanghaiTech/part_B/train_data/images/IMG_54.jpg,/kaggle/input/datasets/tthien/shanghaitech/ShanghaiTech/part_B/train_data/ground-truth/GT_IMG_54.mat,768,1024,138,0,train
55,train,/kaggle/input/datasets/tthien/shanghaitech/ShanghaiTech/part_B/train_data/images/IMG_55.jpg,/kaggle/input/datasets/tthien/shanghaitech/ShanghaiTech/part_B/train_data/ground-truth/GT_IMG_55.mat,768,1024,211,0,train
56,train,/kaggle/input/datasets/tthien/shanghaitech/ShanghaiTech/part_B/train_data/images/IMG_56.jpg,/kaggle/input/datasets/tthien/shanghaitech/ShanghaiTech/part_B/train_data/ground-truth/GT_IMG_56.mat,768,1024,144,0,train
57,train,/kaggle/input/datasets/tthien/shanghaitech/ShanghaiTech/part_B/train_data/images/IMG_57.jpg,/kaggle/input/datasets/tthien/shanghaitech/ShanghaiTech/part_B/train_data/ground-truth/GT_IMG_57.mat,768,1024,39,0,train
58,train,/kaggle/input/datasets/tthien/shanghaitech/ShanghaiTech/part_B/train_data/images/IMG_58.jpg,/kaggle/input/datasets/tthien/shanghaitech/ShanghaiTech/part_B/train_data/ground-truth/GT_IMG_58.mat,768,1024,300,0,train
59,train,/kaggle/input/datasets/tthien/shanghaitech/ShanghaiTech/part_B/train_data/images/IMG_59.jpg,/kaggle/input/datasets/tthien/shanghaitech/ShanghaiTech/part_B/train_data/ground-truth/GT_IMG_59.mat,768,1024,25,0,train
60,train,/kaggle/input/datasets/tthien/shanghaitech/ShanghaiTech/part_B/train_data/images/IMG_60.jpg,/kaggle/input/datasets/tthien/shanghaitech/ShanghaiTech/part_B/train_data/ground-truth/GT_IMG_60.mat,768,1024,40,0,train
61,train,/kaggle/input/datasets/tthien/shanghaitech/ShanghaiTech/part_B/train_data/images/IMG_61.jpg,/kaggle/input/datasets/tthien/shanghaitech/ShanghaiTech/part_B/train_data/ground-truth/GT_IMG_61.mat,768,1024,28,0,train
62,train,/kaggle/input/datasets/tthien/shanghaitech/ShanghaiTech/part_B/train_data/images/IMG_62.jpg,/kaggle/input/datasets/tthien/shanghaitech/ShanghaiTech/part_B/train_data/ground-truth/GT_IMG_62.mat,768,1024,268,0,train
63,train,/kaggle/input/datasets/tthien/shanghaitech/ShanghaiTech/part_B/train_data/images/IMG_63.jpg,/kaggle/input/datasets/tthien/shanghaitech/ShanghaiTech/part_B/train_data/ground-truth/GT_IMG_63.mat,768,1024,191,0,train
64,train,/kaggle/input/datasets/tthien/shanghaitech/ShanghaiTech/part_B/train_data/images/IMG_64.jpg,/kaggle/input/datasets/tthien/shanghaitech/ShanghaiTech/part_B/train_data/ground-truth/GT_IMG_64.mat,768,1024,157,0,train
65,train,/kaggle/input/datasets/tthien/shanghaitech/ShanghaiTech/part_B/train_data/images/IMG_65.jpg,/kaggle/input/datasets/tthien/shanghaitech/ShanghaiTech/part_B/train_data/ground-truth/GT_IMG_65.mat,768,1024,114,0,val
66,train,/kaggle/input/datasets/tthien/shanghaitech/ShanghaiTech/part_B/train_data/images/IMG_66.jpg,/kaggle/input/datasets/tthien/shanghaitech/ShanghaiTech/part_B/train_data/ground-truth/GT_IMG_66.mat,768,1024,61,0,train
67,train,/kaggle/input/datasets/tthien/shanghaitech/ShanghaiTech/part_B/train_data/images/IMG_67.jpg,/kaggle/input/datasets/tthien/shanghaitech/ShanghaiTech/part_B/train_data/ground-truth/GT_IMG_67.mat,768,1024,175,0,train
68,train,/kaggle/input/datasets/tthien/shanghaitech/ShanghaiTech/part_B/train_data/images/IMG_68.jpg,/kaggle/input/datasets/tthien/shanghaitech/ShanghaiTech/part_B/train_data/ground-truth/GT_IMG_68.mat,768,1024,114,0,train
69,train,/kaggle/input/datasets/tthien/shanghaitech/ShanghaiTech/part_B/train_data/images/IMG_69.jpg,/kaggle/input/datasets/tthien/shanghaitech/ShanghaiTech/part_B/train_data/ground-truth/GT_IMG_69.mat,768,1024,53,0,val
70,train,/kaggle/input/datasets/tthien/shanghaitech/ShanghaiTech/part_B/train_data/images/IMG_70.jpg,/kaggle/input/datasets/tthien/shanghaitech/ShanghaiTech/part_B/train_data/ground-truth/GT_IMG_70.mat,768,1024,70,0,train
71,train,/kaggle/input/datasets/tthien/shanghaitech/ShanghaiTech/part_B/train_data/images/IMG_71.jpg,/kaggle/input/datasets/tthien/shanghaitech/ShanghaiTech/part_B/train_data/ground-truth/GT_IMG_71.mat,768,1024,35,0,train
72,train,/kaggle/input/datasets/tthien/shanghaitech/ShanghaiTech/part_B/train_data/images/IMG_72.jpg,/kaggle/input/datasets/tthien/shanghaitech/ShanghaiTech/part_B/train_data/ground-truth/GT_IMG_72.mat,768,1024,234,0,train
73,train,/kaggle/input/datasets/tthien/shanghaitech/ShanghaiTech/part_B/train_data/images/IMG_73.jpg,/kaggle/input/datasets/tthien/shanghaitech/ShanghaiTech/part_B/train_data/ground-truth/GT_IMG_73.mat,768,1024,41,0,train
74,train,/kaggle/input/datasets/tthien/shanghaitech/ShanghaiTech/part_B/train_data/images/IMG_74.jpg,/kaggle/input/datasets/tthien/shanghaitech/ShanghaiTech/part_B/train_data/ground-truth/GT_IMG_74.mat,768,1024,46,0,train
75,train,/kaggle/input/datasets/tthien/shanghaitech/ShanghaiTech/part_B/train_data/images/IMG_75.jpg,/kaggle/input/datasets/tthien/shanghaitech/ShanghaiTech/part_B/train_data/ground-truth/GT_IMG_75.mat,768,1024,70,0,train
76,train,/kaggle/input/datasets/tthien/shanghaitech/ShanghaiTech/part_B/train_data/images/IMG_76.jpg,/kaggle/input/datasets/tthien/shanghaitech/ShanghaiTech/part_B/train_data/ground-truth/GT_IMG_76.mat,768,1024,32,0,train
77,train,/kaggle/input/datasets/tthien/shanghaitech/ShanghaiTech/part_B/train_data/images/IMG_77.jpg,/kaggle/input/datasets/tthien/shanghaitech/ShanghaiTech/part_B/train_data/ground-truth/GT_IMG_77.mat,768,1024,217,0,train
78,train,/kaggle/input/datasets/tthien/shanghaitech/ShanghaiTech/part_B/train_data/images/IMG_78.jpg,/kaggle/input/datasets/tthien/shanghaitech/ShanghaiTech/part_B/train_data/ground-truth/GT_IMG_78.mat,768,1024,42,0,train
79,train,/kaggle/input/datasets/tthien/shanghaitech/ShanghaiTech/part_B/train_data/images/IMG_79.jpg,/kaggle/input/datasets/tthien/shanghaitech/ShanghaiTech/part_B/train_data/ground-truth/GT_IMG_79.mat,768,1024,60,0,train
80,train,/kaggle/input/datasets/tthien/shanghaitech/ShanghaiTech/part_B/train_data/images/IMG_80.jpg,/kaggle/input/datasets/tthien/shanghaitech/ShanghaiTech/part_B/train_data/ground-truth/GT_IMG_80.mat,768,1024,87,0,train
81,train,/kaggle/input/datasets/tthien/shanghaitech/ShanghaiTech/part_B/train_data/images/IMG_81.jpg,/kaggle/input/datasets/tthien/shanghaitech/ShanghaiTech/part_B/train_data/ground-truth/GT_IMG_81.mat,768,1024,153,0,train
82,train,/kaggle/input/datasets/tthien/shanghaitech/ShanghaiTech/part_B/train_data/images/IMG_82.jpg,/kaggle/input/datasets/tthien/shanghaitech/ShanghaiTech/part_B/train_data/ground-truth/GT_IMG_82.mat,768,1024,30,0,train
83,train,/kaggle/input/datasets/tthien/shanghaitech/ShanghaiTech/part_B/train_data/images/IMG_83.jpg,/kaggle/input/datasets/tthien/shanghaitech/ShanghaiTech/part_B/train_data/ground-truth/GT_IMG_83.mat,768,1024,54,0,train
84,train,/kaggle/input/datasets/tthien/shanghaitech/ShanghaiTech/part_B/train_data/images/IMG_84.jpg,/kaggle/input/datasets/tthien/shanghaitech/ShanghaiTech/part_B/train_data/ground-truth/GT_IMG_84.mat,768,1024,34,0,train
85,train,/kaggle/input/datasets/tthien/shanghaitech/ShanghaiTech/part_B/train_data/images/IMG_85.jpg,/kaggle/input/datasets/tthien/shanghaitech/ShanghaiTech/part_B/train_data/ground-truth/GT_IMG_85.mat,768,1024,47,0,train
86,train,/kaggle/input/datasets/tthien/shanghaitech/ShanghaiTech/part_B/train_data/images/IMG_86.jpg,/kaggle/input/datasets/tthien/shanghaitech/ShanghaiTech/part_B/train_data/ground-truth/GT_IMG_86.mat,768,1024,22,0,train
87,train,/kaggle/input/datasets/tthien/shanghaitech/ShanghaiTech/part_B/train_data/images/IMG_87.jpg,/kaggle/input/datasets/tthien/shanghaitech/ShanghaiTech/part_B/train_data/ground-truth/GT_IMG_87.mat,768,1024,38,0,train
88,train,/kaggle/input/datasets/tthien/shanghaitech/ShanghaiTech/part_B/train_data/images/IMG_88.jpg,/kaggle/input/datasets/tthien/shanghaitech/ShanghaiTech/part_B/train_data/ground-truth/GT_IMG_88.mat,768,1024,14,0,train
89,train,/kaggle/input/datasets/tthien/shanghaitech/ShanghaiTech/part_B/train_data/images/IMG_89.jpg,/kaggle/input/datasets/tthien/shanghaitech/ShanghaiTech/part_B/train_data/ground-truth/GT_IMG_89.mat,768,1024,211,0,train
90,train,/kaggle/input/datasets/tthien/shanghaitech/ShanghaiTech/part_B/train_data/images/IMG_90.jpg,/kaggle/input/datasets/tthien/shanghaitech/ShanghaiTech/part_B/train_data/ground-truth/GT_IMG_90.mat,768,1024,84,0,train
91,train,/kaggle/input/datasets/tthien/shanghaitech/ShanghaiTech/part_B/train_data/images/IMG_91.jpg,/kaggle/input/datasets/tthien/shanghaitech/ShanghaiTech/part_B/train_data/ground-truth/GT_IMG_91.mat,768,1024,36,0,train
92,train,/kaggle/input/datasets/tthien/shanghaitech/ShanghaiTech/part_B/train_data/images/IMG_92.jpg,/kaggle/input/datasets/tthien/shanghaitech/ShanghaiTech/part_B/train_data/ground-truth/GT_IMG_92.mat,768,1024,36,0,train
93,train,/kaggle/input/datasets/tthien/shanghaitech/ShanghaiTech/part_B/train_data/images/IMG_93.jpg,/kaggle/input/datasets/tthien/shanghaitech/ShanghaiTech/part_B/train_data/ground-truth/GT_IMG_93.mat,768,1024,20,0,train
94,train,/kaggle/input/datasets/tthien/shanghaitech/ShanghaiTech/part_B/train_data/images/IMG_94.jpg,/kaggle/input/datasets/tthien/shanghaitech/ShanghaiTech/part_B/train_data/ground-truth/GT_IMG_94.mat,768,1024,27,0,train
95,train,/kaggle/input/datasets/tthien/shanghaitech/ShanghaiTech/part_B/train_data/images/IMG_95.jpg,/kaggle/input/datasets/tthien/shanghaitech/ShanghaiTech/part_B/train_data/ground-truth/GT_IMG_95.mat,768,1024,67,0,train
96,train,/kaggle/input/datasets/tthien/shanghaitech/ShanghaiTech/part_B/train_data/images/IMG_96.jpg,/kaggle/input/datasets/tthien/shanghaitech/ShanghaiTech/part_B/train_data/ground-truth/GT_IMG_96.mat,768,1024,304,0,train
97,train,/kaggle/input/datasets/tthien/shanghaitech/ShanghaiTech/part_B/train_data/images/IMG_97.jpg,/kaggle/input/datasets/tthien/shanghaitech/ShanghaiTech/part_B/train_data/ground-truth/GT_IMG_97.mat,768,1024,283,0,train
98,train,/kaggle/input/datasets/tthien/shanghaitech/ShanghaiTech/part_B/train_data/images/IMG_98.jpg,/kaggle/input/datasets/tthien/shanghaitech/ShanghaiTech/part_B/train_data/ground-truth/GT_IMG_98.mat,768,1024,250,0,train
99,train,/kaggle/input/datasets/tthien/shanghaitech/ShanghaiTech/part_B/train_data/images/IMG_99.jpg,/kaggle/input/datasets/tthien/shanghaitech/ShanghaiTech/part_B/train_data/ground-truth/GT_IMG_99.mat,768,1024,355,0,val
100,train,/kaggle/input/datasets/tthien/shanghaitech/ShanghaiTech/part_B/train_data/images/IMG_100.jpg,/kaggle/input/datasets/tthien/shanghaitech/ShanghaiTech/part_B/train_data/ground-truth/GT_IMG_100.mat,768,1024,206,0,train
101,train,/kaggle/input/datasets/tthien/shanghaitech/ShanghaiTech/part_B/train_data/images/IMG_101.jpg,/kaggle/input/datasets/tthien/shanghaitech/ShanghaiTech/part_B/train_data/ground-truth/GT_IMG_101.mat,768,1024,83,0,train
102,train,/kaggle/input/datasets/tthien/shanghaitech/ShanghaiTech/part_B/train_data/images/IMG_102.jpg,/kaggle/input/datasets/tthien/shanghaitech/ShanghaiTech/part_B/train_data/ground-truth/GT_IMG_102.mat,768,1024,27,0,train
103,train,/kaggle/input/datasets/tthien/shanghaitech/ShanghaiTech/part_B/train_data/images/IMG_103.jpg,/kaggle/input/datasets/tthien/shanghaitech/ShanghaiTech/part_B/train_data/ground-truth/GT_IMG_103.mat,768,1024,151,0,train
104,train,/kaggle/input/datasets/tthien/shanghaitech/ShanghaiTech/part_B/train_data/images/IMG_104.jpg,/kaggle/input/datasets/tthien/shanghaitech/ShanghaiTech/part_B/train_data/ground-truth/GT_IMG_104.mat,768,1024,31,0,train
105,train,/kaggle/input/datasets/tthien/shanghaitech/ShanghaiTech/part_B/train_data/images/IMG_105.jpg,/kaggle/input/datasets/tthien/shanghaitech/ShanghaiTech/part_B/train_data/ground-truth/GT_IMG_105.mat,768,1024,129,0,train
106,train,/kaggle/input/datasets/tthien/shanghaitech/ShanghaiTech/part_B/train_data/images/IMG_106.jpg,/kaggle/input/datasets/tthien/shanghaitech/ShanghaiTech/part_B/train_data/ground-truth/GT_IMG_106.mat,768,1024,132,0,val
107,train,/kaggle/input/datasets/tthien/shanghaitech/ShanghaiTech/part_B/train_data/images/IMG_107.jpg,/kaggle/input/datasets/tthien/shanghaitech/ShanghaiTech/part_B/train_data/ground-truth/GT_IMG_107.mat,768,1024,117,0,train
108,train,/kaggle/input/datasets/tthien/shanghaitech/ShanghaiTech/part_B/train_data/images/IMG_108.jpg,/kaggle/input/datasets/tthien/shanghaitech/ShanghaiTech/part_B/train_data/ground-truth/GT_IMG_108.mat,768,1024,209,0,train
109,train,/kaggle/input/datasets/tthien/shanghaitech/ShanghaiTech/part_B/train_data/images/IMG_109.jpg,/kaggle/input/datasets/tthien/shanghaitech/ShanghaiTech/part_B/train_data/ground-truth/GT_IMG_109.mat,768,1024,89,0,train
110,train,/kaggle/input/datasets/tthien/shanghaitech/ShanghaiTech/part_B/train_data/images/IMG_110.jpg,/kaggle/input/datasets/tthien/shanghaitech/ShanghaiTech/part_B/train_data/ground-truth/GT_IMG_110.mat,768,1024,31,0,train
111,train,/kaggle/input/datasets/tthien/shanghaitech/ShanghaiTech/part_B/train_data/images/IMG_111.jpg,/kaggle/input/datasets/tthien/shanghaitech/ShanghaiTech/part_B/train_data/ground-truth/GT_IMG_111.mat,768,1024,146,0,train
112,train,/kaggle/input/datasets/tthien/shanghaitech/ShanghaiTech/part_B/train_data/images/IMG_112.jpg,/kaggle/input/datasets/tthien/shanghaitech/ShanghaiTech/part_B/train_data/ground-truth/GT_IMG_112.mat,768,1024,90,0,train
113,train,/kaggle/input/datasets/tthien/shanghaitech/ShanghaiTech/part_B/train_data/images/IMG_113.jpg,/kaggle/input/datasets/tthien/shanghaitech/ShanghaiTech/part_B/train_data/ground-truth/GT_IMG_113.mat,768,1024,106,0,val
114,train,/kaggle/input/datasets/tthien/shanghaitech/ShanghaiTech/part_B/train_data/images/IMG_114.jpg,/kaggle/input/datasets/tthien/shanghaitech/ShanghaiTech/part_B/train_data/ground-truth/GT_IMG_114.mat,768,1024,87,0,train
115,train,/kaggle/input/datasets/tthien/shanghaitech/ShanghaiTech/part_B/train_data/images/IMG_115.jpg,/kaggle/input/datasets/tthien/shanghaitech/ShanghaiTech/part_B/train_data/ground-truth/GT_IMG_115.mat,768,1024,70,0,train
116,train,/kaggle/input/datasets/tthien/shanghaitech/ShanghaiTech/part_B/train_data/images/IMG_116.jpg,/kaggle/input/datasets/tthien/shanghaitech/ShanghaiTech/part_B/train_data/ground-truth/GT_IMG_116.mat,768,1024,168,0,train
117,train,/kaggle/input/datasets/tthien/shanghaitech/ShanghaiTech/part_B/train_data/images/IMG_117.jpg,/kaggle/input/datasets/tthien/shanghaitech/ShanghaiTech/part_B/train_data/ground-truth/GT_IMG_117.mat,768,1024,281,0,train
118,train,/kaggle/input/datasets/tthien/shanghaitech/ShanghaiTech/part_B/train_data/images/IMG_118.jpg,/kaggle/input/datasets/tthien/shanghaitech/ShanghaiTech/part_B/train_data/ground-truth/GT_IMG_118.mat,768,1024,59,0,train
119,train,/kaggle/input/datasets/tthien/shanghaitech/ShanghaiTech/part_B/train_data/images/IMG_119.jpg,/kaggle/input/datasets/tthien/shanghaitech/ShanghaiTech/part_B/train_data/ground-truth/GT_IMG_119.mat,768,1024,302,0,train
120,train,/kaggle/input/datasets/tthien/shanghaitech/ShanghaiTech/part_B/train_data/images/IMG_120.jpg,/kaggle/input/datasets/tthien/shanghaitech/ShanghaiTech/part_B/train_data/ground-truth/GT_IMG_120.mat,768,1024,28,0,val
121,train,/kaggle/input/datasets/tthien/shanghaitech/ShanghaiTech/part_B/train_data/images/IMG_121.jpg,/kaggle/input/datasets/tthien/shanghaitech/ShanghaiTech/part_B/train_data/ground-truth/GT_IMG_121.mat,768,1024,42,0,train
122,train,/kaggle/input/datasets/tthien/shanghaitech/ShanghaiTech/part_B/train_data/images/IMG_122.jpg,/kaggle/input/datasets/tthien/shanghaitech/ShanghaiTech/part_B/train_data/ground-truth/GT_IMG_122.mat,768,1024,43,0,train
123,train,/kaggle/input/datasets/tthien/shanghaitech/ShanghaiTech/part_B/train_data/images/IMG_123.jpg,/kaggle/input/datasets/tthien/shanghaitech/ShanghaiTech/part_B/train_data/ground-truth/GT_IMG_123.mat,768,1024,155,0,train
124,train,/kaggle/input/datasets/tthien/shanghaitech/ShanghaiTech/part_B/train_data/images/IMG_124.jpg,/kaggle/input/datasets/tthien/shanghaitech/ShanghaiTech/part_B/train_data/ground-truth/GT_IMG_124.mat,768,1024,267,0,train
125,train,/kaggle/input/datasets/tthien/shanghaitech/ShanghaiTech/part_B/train_data/images/IMG_125.jpg,/kaggle/input/datasets/tthien/shanghaitech/ShanghaiTech/part_B/train_data/ground-truth/GT_IMG_125.mat,768,1024,28,0,train
126,train,/kaggle/input/datasets/tthien/shanghaitech/ShanghaiTech/part_B/train_data/images/IMG_126.jpg,/kaggle/input/datasets/tthien/shanghaitech/ShanghaiTech/part_B/train_data/ground-truth/GT_IMG_126.mat,768,1024,107,0,train
127,train,/kaggle/input/datasets/tthien/shanghaitech/ShanghaiTech/part_B/train_data/images/IMG_127.jpg,/kaggle/input/datasets/tthien/shanghaitech/ShanghaiTech/part_B/train_data/ground-truth/GT_IMG_127.mat,768,1024,53,0,train
128,train,/kaggle/input/datasets/tthien/shanghaitech/ShanghaiTech/part_B/train_data/images/IMG_128.jpg,/kaggle/input/datasets/tthien/shanghaitech/ShanghaiTech/part_B/train_data/ground-truth/GT_IMG_128.mat,768,1024,41,0,train
129,train,/kaggle/input/datasets/tthien/shanghaitech/ShanghaiTech/part_B/train_data/images/IMG_129.jpg,/kaggle/input/datasets/tthien/shanghaitech/ShanghaiTech/part_B/train_data/ground-truth/GT_IMG_129.mat,768,1024,146,0,train
130,train,/kaggle/input/datasets/tthien/shanghaitech/ShanghaiTech/part_B/train_data/images/IMG_130.jpg,/kaggle/input/datasets/tthien/shanghaitech/ShanghaiTech/part_B/train_data/ground-truth/GT_IMG_130.mat,768,1024,50,0,train
131,train,/kaggle/input/datasets/tthien/shanghaitech/ShanghaiTech/part_B/train_data/images/IMG_131.jpg,/kaggle/input/datasets/tthien/shanghaitech/ShanghaiTech/part_B/train_data/ground-truth/GT_IMG_131.mat,768,1024,221,0,train
132,train,/kaggle/input/datasets/tthien/shanghaitech/ShanghaiTech/part_B/train_data/images/IMG_132.jpg,/kaggle/input/datasets/tthien/shanghaitech/ShanghaiTech/part_B/train_data/ground-truth/GT_IMG_132.mat,768,1024,118,0,train
133,train,/kaggle/input/datasets/tthien/shanghaitech/ShanghaiTech/part_B/train_data/images/IMG_133.jpg,/kaggle/input/datasets/tthien/shanghaitech/ShanghaiTech/part_B/train_data/ground-truth/GT_IMG_133.mat,768,1024,253,0,train
134,train,/kaggle/input/datasets/tthien/shanghaitech/ShanghaiTech/part_B/train_data/images/IMG_134.jpg,/kaggle/input/datasets/tthien/shanghaitech/ShanghaiTech/part_B/train_data/ground-truth/GT_IMG_134.mat,768,1024,151,0,train
135,train,/kaggle/input/datasets/tthien/shanghaitech/ShanghaiTech/part_B/train_data/images/IMG_135.jpg,/kaggle/input/datasets/tthien/shanghaitech/ShanghaiTech/part_B/train_data/ground-truth/GT_IMG_135.mat,768,1024,42,0,train
136,train,/kaggle/input/datasets/tthien/shanghaitech/ShanghaiTech/part_B/train_data/images/IMG_136.jpg,/kaggle/input/datasets/tthien/shanghaitech/ShanghaiTech/part_B/train_data/ground-truth/GT_IMG_136.mat,768,1024,174,0,train
137,train,/kaggle/input/datasets/tthien/shanghaitech/ShanghaiTech/part_B/train_data/images/IMG_137.jpg,/kaggle/input/datasets/tthien/shanghaitech/ShanghaiTech/part_B/train_data/ground-truth/GT_IMG_137.mat,768,1024,229,0,train
138,train,/kaggle/input/datasets/tthien/shanghaitech/ShanghaiTech/part_B/train_data/images/IMG_138.jpg,/kaggle/input/datasets/tthien/shanghaitech/ShanghaiTech/part_B/train_data/ground-truth/GT_IMG_138.mat,768,1024,104,0,train
139,train,/kaggle/input/datasets/tthien/shanghaitech/ShanghaiTech/part_B/train_data/images/IMG_139.jpg,/kaggle/input/datasets/tthien/shanghaitech/ShanghaiTech/part_B/train_data/ground-truth/GT_IMG_139.mat,768,1024,58,0,train
140,train,/kaggle/input/datasets/tthien/shanghaitech/ShanghaiTech/part_B/train_data/images/IMG_140.jpg,/kaggle/input/datasets/tthien/shanghaitech/ShanghaiTech/part_B/train_data/ground-truth/GT_IMG_140.mat,768,1024,165,0,train
141,train,/kaggle/input/datasets/tthien/shanghaitech/ShanghaiTech/part_B/train_data/images/IMG_141.jpg,/kaggle/input/datasets/tthien/shanghaitech/ShanghaiTech/part_B/train_data/ground-truth/GT_IMG_141.mat,768,1024,151,0,train
142,train,/kaggle/input/datasets/tthien/shanghaitech/ShanghaiTech/part_B/train_data/images/IMG_142.jpg,/kaggle/input/datasets/tthien/shanghaitech/ShanghaiTech/part_B/train_data/ground-truth/GT_IMG_142.mat,768,1024,146,0,train
143,train,/kaggle/input/datasets/tthien/shanghaitech/ShanghaiTech/part_B/train_data/images/IMG_143.jpg,/kaggle/input/datasets/tthien/shanghaitech/ShanghaiTech/part_B/train_data/ground-truth/GT_IMG_143.mat,768,1024,30,0,train
144,train,/kaggle/input/datasets/tthien/shanghaitech/ShanghaiTech/part_B/train_data/images/IMG_144.jpg,/kaggle/input/datasets/tthien/shanghaitech/ShanghaiTech/part_B/train_data/ground-truth/GT_IMG_144.mat,768,1024,26,0,train
145,train,/kaggle/input/datasets/tthien/shanghaitech/ShanghaiTech/part_B/train_data/images/IMG_145.jpg,/kaggle/input/datasets/tthien/shanghaitech/ShanghaiTech/part_B/train_data/ground-truth/GT_IMG_145.mat,768,1024,188,0,train
146,train,/kaggle/input/datasets/tthien/shanghaitech/ShanghaiTech/part_B/train_data/images/IMG_146.jpg,/kaggle/input/datasets/tthien/shanghaitech/ShanghaiTech/part_B/train_data/ground-truth/GT_IMG_146.mat,768,1024,96,0,train
147,train,/kaggle/input/datasets/tthien/shanghaitech/ShanghaiTech/part_B/train_data/images/IMG_147.jpg,/kaggle/input/datasets/tthien/shanghaitech/ShanghaiTech/part_B/train_data/ground-truth/GT_IMG_147.mat,768,1024,318,0,train
148,train,/kaggle/input/datasets/tthien/shanghaitech/ShanghaiTech/part_B/train_data/images/IMG_148.jpg,/kaggle/input/datasets/tthien/shanghaitech/ShanghaiTech/part_B/train_data/ground-truth/GT_IMG_148.mat,768,1024,282,0,train
149,train,/kaggle/input/datasets/tthien/shanghaitech/ShanghaiTech/part_B/train_data/images/IMG_149.jpg,/kaggle/input/datasets/tthien/shanghaitech/ShanghaiTech/part_B/train_data/ground-truth/GT_IMG_149.mat,768,1024,111,0,train
150,train,/kaggle/input/datasets/tthien/shanghaitech/ShanghaiTech/part_B/train_data/images/IMG_150.jpg,/kaggle/input/datasets/tthien/shanghaitech/ShanghaiTech/part_B/train_data/ground-truth/GT_IMG_150.mat,768,1024,99,0,train
151,train,/kaggle/input/datasets/tthien/shanghaitech/ShanghaiTech/part_B/train_data/images/IMG_151.jpg,/kaggle/input/datasets/tthien/shanghaitech/ShanghaiTech/part_B/train_data/ground-truth/GT_IMG_151.mat,768,1024,161,0,train
152,train,/kaggle/input/datasets/tthien/shanghaitech/ShanghaiTech/part_B/train_data/images/IMG_152.jpg,/kaggle/input/datasets/tthien/shanghaitech/ShanghaiTech/part_B/train_data/ground-truth/GT_IMG_152.mat,768,1024,40,0,val
153,train,/kaggle/input/datasets/tthien/shanghaitech/ShanghaiTech/part_B/train_data/images/IMG_153.jpg,/kaggle/input/datasets/tthien/shanghaitech/ShanghaiTech/part_B/train_data/ground-truth/GT_IMG_153.mat,768,1024,27,0,train
154,train,/kaggle/input/datasets/tthien/shanghaitech/ShanghaiTech/part_B/train_data/images/IMG_154.jpg,/kaggle/input/datasets/tthien/shanghaitech/ShanghaiTech/part_B/train_data/ground-truth/GT_IMG_154.mat,768,1024,414,0,train
155,train,/kaggle/input/datasets/tthien/shanghaitech/ShanghaiTech/part_B/train_data/images/IMG_155.jpg,/kaggle/input/datasets/tthien/shanghaitech/ShanghaiTech/part_B/train_data/ground-truth/GT_IMG_155.mat,768,1024,148,0,train
156,train,/kaggle/input/datasets/tthien/shanghaitech/ShanghaiTech/part_B/train_data/images/IMG_156.jpg,/kaggle/input/datasets/tthien/shanghaitech/ShanghaiTech/part_B/train_data/ground-truth/GT_IMG_156.mat,768,1024,87,0,train
157,train,/kaggle/input/datasets/tthien/shanghaitech/ShanghaiTech/part_B/train_data/images/IMG_157.jpg,/kaggle/input/datasets/tthien/shanghaitech/ShanghaiTech/part_B/train_data/ground-truth/GT_IMG_157.mat,768,1024,261,0,train
158,train,/kaggle/input/datasets/tthien/shanghaitech/ShanghaiTech/part_B/train_data/images/IMG_158.jpg,/kaggle/input/datasets/tthien/shanghaitech/ShanghaiTech/part_B/train_data/ground-truth/GT_IMG_158.mat,768,1024,12,0,train
159,train,/kaggle/input/datasets/tthien/shanghaitech/ShanghaiTech/part_B/train_data/images/IMG_159.jpg,/kaggle/input/datasets/tthien/shanghaitech/ShanghaiTech/part_B/train_data/ground-truth/GT_IMG_159.mat,768,1024,136,0,train
160,train,/kaggle/input/datasets/tthien/shanghaitech/ShanghaiTech/part_B/train_data/images/IMG_160.jpg,/kaggle/input/datasets/tthien/shanghaitech/ShanghaiTech/part_B/train_data/ground-truth/GT_IMG_160.mat,768,1024,153,0,train
161,train,/kaggle/input/datasets/tthien/shanghaitech/ShanghaiTech/part_B/train_data/images/IMG_161.jpg,/kaggle/input/datasets/tthien/shanghaitech/ShanghaiTech/part_B/train_data/ground-truth/GT_IMG_161.mat,768,1024,49,0,train
162,train,/kaggle/input/datasets/tthien/shanghaitech/ShanghaiTech/part_B/train_data/images/IMG_162.jpg,/kaggle/input/datasets/tthien/shanghaitech/ShanghaiTech/part_B/train_data/ground-truth/GT_IMG_162.mat,768,1024,301,0,train
163,train,/kaggle/input/datasets/tthien/shanghaitech/ShanghaiTech/part_B/train_data/images/IMG_163.jpg,/kaggle/input/datasets/tthien/shanghaitech/ShanghaiTech/part_B/train_data/ground-truth/GT_IMG_163.mat,768,1024,166,0,train
164,train,/kaggle/input/datasets/tthien/shanghaitech/ShanghaiTech/part_B/train_data/images/IMG_164.jpg,/kaggle/input/datasets/tthien/shanghaitech/ShanghaiTech/part_B/train_data/ground-truth/GT_IMG_164.mat,768,1024,122,0,train
165,train,/kaggle/input/datasets/tthien/shanghaitech/ShanghaiTech/part_B/train_data/images/IMG_165.jpg,/kaggle/input/datasets/tthien/shanghaitech/ShanghaiTech/part_B/train_data/ground-truth/GT_IMG_165.mat,768,1024,27,0,train
166,train,/kaggle/input/datasets/tthien/shanghaitech/ShanghaiTech/part_B/train_data/images/IMG_166.jpg,/kaggle/input/datasets/tthien/shanghaitech/ShanghaiTech/part_B/train_data/ground-truth/GT_IMG_166.mat,768,1024,103,0,train
167,train,/kaggle/input/datasets/tthien/shanghaitech/ShanghaiTech/part_B/train_data/images/IMG_167.jpg,/kaggle/input/datasets/tthien/shanghaitech/ShanghaiTech/part_B/train_data/ground-truth/GT_IMG_167.mat,768,1024,205,0,train
168,train,/kaggle/input/datasets/tthien/shanghaitech/ShanghaiTech/part_B/train_data/images/IMG_168.jpg,/kaggle/input/datasets/tthien/shanghaitech/ShanghaiTech/part_B/train_data/ground-truth/GT_IMG_168.mat,768,1024,243,0,train
169,train,/kaggle/input/datasets/tthien/shanghaitech/ShanghaiTech/part_B/train_data/images/IMG_169.jpg,/kaggle/input/datasets/tthien/shanghaitech/ShanghaiTech/part_B/train_data/ground-truth/GT_IMG_169.mat,768,1024,109,0,train
170,train,/kaggle/input/datasets/tthien/shanghaitech/ShanghaiTech/part_B/train_data/images/IMG_170.jpg,/kaggle/input/datasets/tthien/shanghaitech/ShanghaiTech/part_B/train_data/ground-truth/GT_IMG_170.mat,768,1024,150,0,val
171,train,/kaggle/input/datasets/tthien/shanghaitech/ShanghaiTech/part_B/train_data/images/IMG_171.jpg,/kaggle/input/datasets/tthien/shanghaitech/ShanghaiTech/part_B/train_data/ground-truth/GT_IMG_171.mat,768,1024,15,0,train
172,train,/kaggle/input/datasets/tthien/shanghaitech/ShanghaiTech/part_B/train_data/images/IMG_172.jpg,/kaggle/input/datasets/tthien/shanghaitech/ShanghaiTech/part_B/train_data/ground-truth/GT_IMG_172.mat,768,1024,142,0,train
173,train,/kaggle/input/datasets/tthien/shanghaitech/ShanghaiTech/part_B/train_data/images/IMG_173.jpg,/kaggle/input/datasets/tthien/shanghaitech/ShanghaiTech/part_B/train_data/ground-truth/GT_IMG_173.mat,768,1024,42,0,train
174,train,/kaggle/input/datasets/tthien/shanghaitech/ShanghaiTech/part_B/train_data/images/IMG_174.jpg,/kaggle/input/datasets/tthien/shanghaitech/ShanghaiTech/part_B/train_data/ground-truth/GT_IMG_174.mat,768,1024,173,0,train
175,train,/kaggle/input/datasets/tthien/shanghaitech/ShanghaiTech/part_B/train_data/images/IMG_175.jpg,/kaggle/input/datasets/tthien/shanghaitech/ShanghaiTech/part_B/train_data/ground-truth/GT_IMG_175.mat,768,1024,378,0,train
176,train,/kaggle/input/datasets/tthien/shanghaitech/ShanghaiTech/part_B/train_data/images/IMG_176.jpg,/kaggle/input/datasets/tthien/shanghaitech/ShanghaiTech/part_B/train_data/ground-truth/GT_IMG_176.mat,768,1024,281,0,train
177,train,/kaggle/input/datasets/tthien/shanghaitech/ShanghaiTech/part_B/train_data/images/IMG_177.jpg,/kaggle/input/datasets/tthien/shanghaitech/ShanghaiTech/part_B/train_data/ground-truth/GT_IMG_177.mat,768,1024,96,0,train
178,train,/kaggle/input/datasets/tthien/shanghaitech/ShanghaiTech/part_B/train_data/images/IMG_178.jpg,/kaggle/input/datasets/tthien/shanghaitech/ShanghaiTech/part_B/train_data/ground-truth/GT_IMG_178.mat,768,1024,61,0,train
179,train,/kaggle/input/datasets/tthien/shanghaitech/ShanghaiTech/part_B/train_data/images/IMG_179.jpg,/kaggle/input/datasets/tthien/shanghaitech/ShanghaiTech/part_B/train_data/ground-truth/GT_IMG_179.mat,768,1024,45,0,train
180,train,/kaggle/input/datasets/tthien/shanghaitech/ShanghaiTech/part_B/train_data/images/IMG_180.jpg,/kaggle/input/datasets/tthien/shanghaitech/ShanghaiTech/part_B/train_data/ground-truth/GT_IMG_180.mat,768,1024,65,0,train
181,train,/kaggle/input/datasets/tthien/shanghaitech/ShanghaiTech/part_B/train_data/images/IMG_181.jpg,/kaggle/input/datasets/tthien/shanghaitech/ShanghaiTech/part_B/train_data/ground-truth/GT_IMG_181.mat,768,1024,108,0,train
182,train,/kaggle/input/datasets/tthien/shanghaitech/ShanghaiTech/part_B/train_data/images/IMG_182.jpg,/kaggle/input/datasets/tthien/shanghaitech/ShanghaiTech/part_B/train_data/ground-truth/GT_IMG_182.mat,768,1024,105,0,train
183,train,/kaggle/input/datasets/tthien/shanghaitech/ShanghaiTech/part_B/train_data/images/IMG_183.jpg,/kaggle/input/datasets/tthien/shanghaitech/ShanghaiTech/part_B/train_data/ground-truth/GT_IMG_183.mat,768,1024,116,0,train
184,train,/kaggle/input/datasets/tthien/shanghaitech/ShanghaiTech/part_B/train_data/images/IMG_184.jpg,/kaggle/input/datasets/tthien/shanghaitech/ShanghaiTech/part_B/train_data/ground-truth/GT_IMG_184.mat,768,1024,81,0,train
185,train,/kaggle/input/datasets/tthien/shanghaitech/ShanghaiTech/part_B/train_data/images/IMG_185.jpg,/kaggle/input/datasets/tthien/shanghaitech/ShanghaiTech/part_B/train_data/ground-truth/GT_IMG_185.mat,768,1024,136,0,train
186,train,/kaggle/input/datasets/tthien/shanghaitech/ShanghaiTech/part_B/train_data/images/IMG_186.jpg,/kaggle/input/datasets/tthien/shanghaitech/ShanghaiTech/part_B/train_data/ground-truth/GT_IMG_186.mat,768,1024,208,0,val
187,train,/kaggle/input/datasets/tthien/shanghaitech/ShanghaiTech/part_B/train_data/images/IMG_187.jpg,/kaggle/input/datasets/tthien/shanghaitech/ShanghaiTech/part_B/train_data/ground-truth/GT_IMG_187.mat,768,1024,125,0,train
188,train,/kaggle/input/datasets/tthien/shanghaitech/ShanghaiTech/part_B/train_data/images/IMG_188.jpg,/kaggle/input/datasets/tthien/shanghaitech/ShanghaiTech/part_B/train_data/ground-truth/GT_IMG_188.mat,768,1024,344,0,val
189,train,/kaggle/input/datasets/tthien/shanghaitech/ShanghaiTech/part_B/train_data/images/IMG_189.jpg,/kaggle/input/datasets/tthien/shanghaitech/ShanghaiTech/part_B/train_data/ground-truth/GT_IMG_189.mat,768,1024,90,0,train
190,train,/kaggle/input/datasets/tthien/shanghaitech/ShanghaiTech/part_B/train_data/images/IMG_190.jpg,/kaggle/input/datasets/tthien/shanghaitech/ShanghaiTech/part_B/train_data/ground-truth/GT_IMG_190.mat,768,1024,147,0,train
191,train,/kaggle/input/datasets/tthien/shanghaitech/ShanghaiTech/part_B/train_data/images/IMG_191.jpg,/kaggle/input/datasets/tthien/shanghaitech/ShanghaiTech/part_B/train_data/ground-truth/GT_IMG_191.mat,768,1024,575,0,train
192,train,/kaggle/input/datasets/tthien/shanghaitech/ShanghaiTech/part_B/train_data/images/IMG_192.jpg,/kaggle/input/datasets/tthien/shanghaitech/ShanghaiTech/part_B/train_data/ground-truth/GT_IMG_192.mat,768,1024,64,0,val
193,train,/kaggle/input/datasets/tthien/shanghaitech/ShanghaiTech/part_B/train_data/images/IMG_193.jpg,/kaggle/input/datasets/tthien/shanghaitech/ShanghaiTech/part_B/train_data/ground-truth/GT_IMG_193.mat,768,1024,219,0,train
194,train,/kaggle/input/datasets/tthien/shanghaitech/ShanghaiTech/part_B/train_data/images/IMG_194.jpg,/kaggle/input/datasets/tthien/shanghaitech/ShanghaiTech/part_B/train_data/ground-truth/GT_IMG_194.mat,768,1024,412,0,train
195,train,/kaggle/input/datasets/tthien/shanghaitech/ShanghaiTech/part_B/train_data/images/IMG_195.jpg,/kaggle/input/datasets/tthien/shanghaitech/ShanghaiTech/part_B/train_data/ground-truth/GT_IMG_195.mat,768,1024,29,0,train
196,train,/kaggle/input/datasets/tthien/shanghaitech/ShanghaiTech/part_B/train_data/images/IMG_196.jpg,/kaggle/input/datasets/tthien/shanghaitech/ShanghaiTech/part_B/train_data/ground-truth/GT_IMG_196.mat,768,1024,33,0,train
197,train,/kaggle/input/datasets/tthien/shanghaitech/ShanghaiTech/part_B/train_data/images/IMG_197.jpg,/kaggle/input/datasets/tthien/shanghaitech/ShanghaiTech/part_B/train_data/ground-truth/GT_IMG_197.mat,768,1024,290,0,train
198,train,/kaggle/input/datasets/tthien/shanghaitech/ShanghaiTech/part_B/train_data/images/IMG_198.jpg,/kaggle/input/datasets/tthien/shanghaitech/ShanghaiTech/part_B/train_data/ground-truth/GT_IMG_198.mat,768,1024,120,0,train
199,train,/kaggle/input/datasets/tthien/shanghaitech/ShanghaiTech/part_B/train_data/images/IMG_199.jpg,/kaggle/input/datasets/tthien/shanghaitech/ShanghaiTech/part_B/train_data/ground-truth/GT_IMG_199.mat,768,1024,120,0,train
200,train,/kaggle/input/datasets/tthien/shanghaitech/ShanghaiTech/part_B/train_data/images/IMG_200.jpg,/kaggle/input/datasets/tthien/shanghaitech/ShanghaiTech/part_B/train_data/ground-truth/GT_IMG_200.mat,768,1024,299,0,train
201,train,/kaggle/input/datasets/tthien/shanghaitech/ShanghaiTech/part_B/train_data/images/IMG_201.jpg,/kaggle/input/datasets/tthien/shanghaitech/ShanghaiTech/part_B/train_data/ground-truth/GT_IMG_201.mat,768,1024,30,0,train
202,train,/kaggle/input/datasets/tthien/shanghaitech/ShanghaiTech/part_B/train_data/images/IMG_202.jpg,/kaggle/input/datasets/tthien/shanghaitech/ShanghaiTech/part_B/train_data/ground-truth/GT_IMG_202.mat,768,1024,167,0,train
203,train,/kaggle/input/datasets/tthien/shanghaitech/ShanghaiTech/part_B/train_data/images/IMG_203.jpg,/kaggle/input/datasets/tthien/shanghaitech/ShanghaiTech/part_B/train_data/ground-truth/GT_IMG_203.mat,768,1024,344,0,train
204,train,/kaggle/input/datasets/tthien/shanghaitech/ShanghaiTech/part_B/train_data/images/IMG_204.jpg,/kaggle/input/datasets/tthien/shanghaitech/ShanghaiTech/part_B/train_data/ground-truth/GT_IMG_204.mat,768,1024,95,0,train
205,train,/kaggle/input/datasets/tthien/shanghaitech/ShanghaiTech/part_B/train_data/images/IMG_205.jpg,/kaggle/input/datasets/tthien/shanghaitech/ShanghaiTech/part_B/train_data/ground-truth/GT_IMG_205.mat,768,1024,103,0,train
206,train,/kaggle/input/datasets/tthien/shanghaitech/ShanghaiTech/part_B/train_data/images/IMG_206.jpg,/kaggle/input/datasets/tthien/shanghaitech/ShanghaiTech/part_B/train_data/ground-truth/GT_IMG_206.mat,768,1024,46,0,val
207,train,/kaggle/input/datasets/tthien/shanghaitech/ShanghaiTech/part_B/train_data/images/IMG_207.jpg,/kaggle/input/datasets/tthien/shanghaitech/ShanghaiTech/part_B/train_data/ground-truth/GT_IMG_207.mat,768,1024,188,0,train
208,train,/kaggle/input/datasets/tthien/shanghaitech/ShanghaiTech/part_B/train_data/images/IMG_208.jpg,/kaggle/input/datasets/tthien/shanghaitech/ShanghaiTech/part_B/train_data/ground-truth/GT_IMG_208.mat,768,1024,168,0,train
209,train,/kaggle/input/datasets/tthien/shanghaitech/ShanghaiTech/part_B/train_data/images/IMG_209.jpg,/kaggle/input/datasets/tthien/shanghaitech/ShanghaiTech/part_B/train_data/ground-truth/GT_IMG_209.mat,768,1024,74,0,train
210,train,/kaggle/input/datasets/tthien/shanghaitech/ShanghaiTech/part_B/train_data/images/IMG_210.jpg,/kaggle/input/datasets/tthien/shanghaitech/ShanghaiTech/part_B/train_data/ground-truth/GT_IMG_210.mat,768,1024,165,0,train
211,train,/kaggle/input/datasets/tthien/shanghaitech/ShanghaiTech/part_B/train_data/images/IMG_211.jpg,/kaggle/input/datasets/tthien/shanghaitech/ShanghaiTech/part_B/train_data/ground-truth/GT_IMG_211.mat,768,1024,33,0,train
212,train,/kaggle/input/datasets/tthien/shanghaitech/ShanghaiTech/part_B/train_data/images/IMG_212.jpg,/kaggle/input/datasets/tthien/shanghaitech/ShanghaiTech/part_B/train_data/ground-truth/GT_IMG_212.mat,768,1024,108,0,train
213,train,/kaggle/input/datasets/tthien/shanghaitech/ShanghaiTech/part_B/train_data/images/IMG_213.jpg,/kaggle/input/datasets/tthien/shanghaitech/ShanghaiTech/part_B/train_data/ground-truth/GT_IMG_213.mat,768,1024,36,0,val
214,train,/kaggle/input/datasets/tthien/shanghaitech/ShanghaiTech/part_B/train_data/images/IMG_214.jpg,/kaggle/input/datasets/tthien/shanghaitech/ShanghaiTech/part_B/train_data/ground-truth/GT_IMG_214.mat,768,1024,205,0,train
215,train,/kaggle/input/datasets/tthien/shanghaitech/ShanghaiTech/part_B/train_data/images/IMG_215.jpg,/kaggle/input/datasets/tthien/shanghaitech/ShanghaiTech/part_B/train_data/ground-truth/GT_IMG_215.mat,768,1024,85,0,val
216,train,/kaggle/input/datasets/tthien/shanghaitech/ShanghaiTech/part_B/train_data/images/IMG_216.jpg,/kaggle/input/datasets/tthien/shanghaitech/ShanghaiTech/part_B/train_data/ground-truth/GT_IMG_216.mat,768,1024,169,0,train
217,train,/kaggle/input/datasets/tthien/shanghaitech/ShanghaiTech/part_B/train_data/images/IMG_217.jpg,/kaggle/input/datasets/tthien/shanghaitech/ShanghaiTech/part_B/train_data/ground-truth/GT_IMG_217.mat,768,1024,78,0,train
218,train,/kaggle/input/datasets/tthien/shanghaitech/ShanghaiTech/part_B/train_data/images/IMG_218.jpg,/kaggle/input/datasets/tthien/shanghaitech/ShanghaiTech/part_B/train_data/ground-truth/GT_IMG_218.mat,768,1024,118,0,train
219,train,/kaggle/input/datasets/tthien/shanghaitech/ShanghaiTech/part_B/train_data/images/IMG_219.jpg,/kaggle/input/datasets/tthien/shanghaitech/ShanghaiTech/part_B/train_data/ground-truth/GT_IMG_219.mat,768,1024,50,0,train
220,train,/kaggle/input/datasets/tthien/shanghaitech/ShanghaiTech/part_B/train_data/images/IMG_220.jpg,/kaggle/input/datasets/tthien/shanghaitech/ShanghaiTech/part_B/train_data/ground-truth/GT_IMG_220.mat,768,1024,38,0,train
221,train,/kaggle/input/datasets/tthien/shanghaitech/ShanghaiTech/part_B/train_data/images/IMG_221.jpg,/kaggle/input/datasets/tthien/shanghaitech/ShanghaiTech/part_B/train_data/ground-truth/GT_IMG_221.mat,768,1024,112,0,train
222,train,/kaggle/input/datasets/tthien/shanghaitech/ShanghaiTech/part_B/train_data/images/IMG_222.jpg,/kaggle/input/datasets/tthien/shanghaitech/ShanghaiTech/part_B/train_data/ground-truth/GT_IMG_222.mat,768,1024,576,0,train
223,train,/kaggle/input/datasets/tthien/shanghaitech/ShanghaiTech/part_B/train_data/images/IMG_223.jpg,/kaggle/input/datasets/tthien/shanghaitech/ShanghaiTech/part_B/train_data/ground-truth/GT_IMG_223.mat,768,1024,347,0,train
224,train,/kaggle/input/datasets/tthien/shanghaitech/ShanghaiTech/part_B/train_data/images/IMG_224.jpg,/kaggle/input/datasets/tthien/shanghaitech/ShanghaiTech/part_B/train_data/ground-truth/GT_IMG_224.mat,768,1024,167,0,train
225,train,/kaggle/input/datasets/tthien/shanghaitech/ShanghaiTech/part_B/train_data/images/IMG_225.jpg,/kaggle/input/datasets/tthien/shanghaitech/ShanghaiTech/part_B/train_data/ground-truth/GT_IMG_225.mat,768,1024,80,0,train
226,train,/kaggle/input/datasets/tthien/shanghaitech/ShanghaiTech/part_B/train_data/images/IMG_226.jpg,/kaggle/input/datasets/tthien/shanghaitech/ShanghaiTech/part_B/train_data/ground-truth/GT_IMG_226.mat,768,1024,94,0,train
227,train,/kaggle/input/datasets/tthien/shanghaitech/ShanghaiTech/part_B/train_data/images/IMG_227.jpg,/kaggle/input/datasets/tthien/shanghaitech/ShanghaiTech/part_B/train_data/ground-truth/GT_IMG_227.mat,768,1024,267,0,val
228,train,/kaggle/input/datasets/tthien/shanghaitech/ShanghaiTech/part_B/train_data/images/IMG_228.jpg,/kaggle/input/datasets/tthien/shanghaitech/ShanghaiTech/part_B/train_data/ground-truth/GT_IMG_228.mat,768,1024,118,0,train
229,train,/kaggle/input/datasets/tthien/shanghaitech/ShanghaiTech/part_B/train_data/images/IMG_229.jpg,/kaggle/input/datasets/tthien/shanghaitech/ShanghaiTech/part_B/train_data/ground-truth/GT_IMG_229.mat,768,1024,77,0,train
230,train,/kaggle/input/datasets/tthien/shanghaitech/ShanghaiTech/part_B/train_data/images/IMG_230.jpg,/kaggle/input/datasets/tthien/shanghaitech/ShanghaiTech/part_B/train_data/ground-truth/GT_IMG_230.mat,768,1024,141,0,train
231,train,/kaggle/input/datasets/tthien/shanghaitech/ShanghaiTech/part_B/train_data/images/IMG_231.jpg,/kaggle/input/datasets/tthien/shanghaitech/ShanghaiTech/part_B/train_data/ground-truth/GT_IMG_231.mat,768,1024,414,0,val
232,train,/kaggle/input/datasets/tthien/shanghaitech/ShanghaiTech/part_B/train_data/images/IMG_232.jpg,/kaggle/input/datasets/tthien/shanghaitech/ShanghaiTech/part_B/train_data/ground-truth/GT_IMG_232.mat,768,1024,33,0,train
233,train,/kaggle/input/datasets/tthien/shanghaitech/ShanghaiTech/part_B/train_data/images/IMG_233.jpg,/kaggle/input/datasets/tthien/shanghaitech/ShanghaiTech/part_B/train_data/ground-truth/GT_IMG_233.mat,768,1024,23,0,train
234,train,/kaggle/input/datasets/tthien/shanghaitech/ShanghaiTech/part_B/train_data/images/IMG_234.jpg,/kaggle/input/datasets/tthien/shanghaitech/ShanghaiTech/part_B/train_data/ground-truth/GT_IMG_234.mat,768,1024,54,0,train
235,train,/kaggle/input/datasets/tthien/shanghaitech/ShanghaiTech/part_B/train_data/images/IMG_235.jpg,/kaggle/input/datasets/tthien/shanghaitech/ShanghaiTech/part_B/train_data/ground-truth/GT_IMG_235.mat,768,1024,28,0,train
236,train,/kaggle/input/datasets/tthien/shanghaitech/ShanghaiTech/part_B/train_data/images/IMG_236.jpg,/kaggle/input/datasets/tthien/shanghaitech/ShanghaiTech/part_B/train_data/ground-truth/GT_IMG_236.mat,768,1024,37,0,train
237,train,/kaggle/input/datasets/tthien/shanghaitech/ShanghaiTech/part_B/train_data/images/IMG_237.jpg,/kaggle/input/datasets/tthien/shanghaitech/ShanghaiTech/part_B/train_data/ground-truth/GT_IMG_237.mat,768,1024,105,0,train
238,train,/kaggle/input/datasets/tthien/shanghaitech/ShanghaiTech/part_B/train_data/images/IMG_238.jpg,/kaggle/input/datasets/tthien/shanghaitech/ShanghaiTech/part_B/train_data/ground-truth/GT_IMG_238.mat,768,1024,20,0,train
239,train,/kaggle/input/datasets/tthien/shanghaitech/ShanghaiTech/part_B/train_data/images/IMG_239.jpg,/kaggle/input/datasets/tthien/shanghaitech/ShanghaiTech/part_B/train_data/ground-truth/GT_IMG_239.mat,768,1024,310,0,val
240,train,/kaggle/input/datasets/tthien/shanghaitech/ShanghaiTech/part_B/train_data/images/IMG_240.jpg,/kaggle/input/datasets/tthien/shanghaitech/ShanghaiTech/part_B/train_data/ground-truth/GT_IMG_240.mat,768,1024,68,0,train
241,train,/kaggle/input/datasets/tthien/shanghaitech/ShanghaiTech/part_B/train_data/images/IMG_241.jpg,/kaggle/input/datasets/tthien/shanghaitech/ShanghaiTech/part_B/train_data/ground-truth/GT_IMG_241.mat,768,1024,234,0,val
242,train,/kaggle/input/datasets/tthien/shanghaitech/ShanghaiTech/part_B/train_data/images/IMG_242.jpg,/kaggle/input/datasets/tthien/shanghaitech/ShanghaiTech/part_B/train_data/ground-truth/GT_IMG_242.mat,768,1024,49,0,train
243,train,/kaggle/input/datasets/tthien/shanghaitech/ShanghaiTech/part_B/train_data/images/IMG_243.jpg,/kaggle/input/datasets/tthien/shanghaitech/ShanghaiTech/part_B/train_data/ground-truth/GT_IMG_243.mat,768,1024,227,0,train
244,train,/kaggle/input/datasets/tthien/shanghaitech/ShanghaiTech/part_B/train_data/images/IMG_244.jpg,/kaggle/input/datasets/tthien/shanghaitech/ShanghaiTech/part_B/train_data/ground-truth/GT_IMG_244.mat,768,1024,25,0,train
245,train,/kaggle/input/datasets/tthien/shanghaitech/ShanghaiTech/part_B/train_data/images/IMG_245.jpg,/kaggle/input/datasets/tthien/shanghaitech/ShanghaiTech/part_B/train_data/ground-truth/GT_IMG_245.mat,768,1024,65,0,train
246,train,/kaggle/input/datasets/tthien/shanghaitech/ShanghaiTech/part_B/train_data/images/IMG_246.jpg,/kaggle/input/datasets/tthien/shanghaitech/ShanghaiTech/part_B/train_data/ground-truth/GT_IMG_246.mat,768,1024,195,0,train
247,train,/kaggle/input/datasets/tthien/shanghaitech/ShanghaiTech/part_B/train_data/images/IMG_247.jpg,/kaggle/input/datasets/tthien/shanghaitech/ShanghaiTech/part_B/train_data/ground-truth/GT_IMG_247.mat,768,1024,142,0,train
248,train,/kaggle/input/datasets/tthien/shanghaitech/ShanghaiTech/part_B/train_data/images/IMG_248.jpg,/kaggle/input/datasets/tthien/shanghaitech/ShanghaiTech/part_B/train_data/ground-truth/GT_IMG_248.mat,768,1024,53,0,train
249,train,/kaggle/input/datasets/tthien/shanghaitech/ShanghaiTech/part_B/train_data/images/IMG_249.jpg,/kaggle/input/datasets/tthien/shanghaitech/ShanghaiTech/part_B/train_data/ground-truth/GT_IMG_249.mat,768,1024,60,0,train
250,train,/kaggle/input/datasets/tthien/shanghaitech/ShanghaiTech/part_B/train_data/images/IMG_250.jpg,/kaggle/input/datasets/tthien/shanghaitech/ShanghaiTech/part_B/train_data/ground-truth/GT_IMG_250.mat,768,1024,136,0,train
251,train,/kaggle/input/datasets/tthien/shanghaitech/ShanghaiTech/part_B/train_data/images/IMG_251.jpg,/kaggle/input/datasets/tthien/shanghaitech/ShanghaiTech/part_B/train_data/ground-truth/GT_IMG_251.mat,768,1024,68,0,train
252,train,/kaggle/input/datasets/tthien/shanghaitech/ShanghaiTech/part_B/train_data/images/IMG_252.jpg,/kaggle/input/datasets/tthien/shanghaitech/ShanghaiTech/part_B/train_data/ground-truth/GT_IMG_252.mat,768,1024,83,0,train
253,train,/kaggle/input/datasets/tthien/shanghaitech/ShanghaiTech/part_B/train_data/images/IMG_253.jpg,/kaggle/input/datasets/tthien/shanghaitech/ShanghaiTech/part_B/train_data/ground-truth/GT_IMG_253.mat,768,1024,45,0,train
254,train,/kaggle/input/datasets/tthien/shanghaitech/ShanghaiTech/part_B/train_data/images/IMG_254.jpg,/kaggle/input/datasets/tthien/shanghaitech/ShanghaiTech/part_B/train_data/ground-truth/GT_IMG_254.mat,768,1024,252,0,train
255,train,/kaggle/input/datasets/tthien/shanghaitech/ShanghaiTech/part_B/train_data/images/IMG_255.jpg,/kaggle/input/datasets/tthien/shanghaitech/ShanghaiTech/part_B/train_data/ground-truth/GT_IMG_255.mat,768,1024,12,0,train
256,train,/kaggle/input/datasets/tthien/shanghaitech/ShanghaiTech/part_B/train_data/images/IMG_256.jpg,/kaggle/input/datasets/tthien/shanghaitech/ShanghaiTech/part_B/train_data/ground-truth/GT_IMG_256.mat,768,1024,53,0,train
257,train,/kaggle/input/datasets/tthien/shanghaitech/ShanghaiTech/part_B/train_data/images/IMG_257.jpg,/kaggle/input/datasets/tthien/shanghaitech/ShanghaiTech/part_B/train_data/ground-truth/GT_IMG_257.mat,768,1024,203,0,val
258,train,/kaggle/input/datasets/tthien/shanghaitech/ShanghaiTech/part_B/train_data/images/IMG_258.jpg,/kaggle/input/datasets/tthien/shanghaitech/ShanghaiTech/part_B/train_data/ground-truth/GT_IMG_258.mat,768,1024,102,0,train
259,train,/kaggle/input/datasets/tthien/shanghaitech/ShanghaiTech/part_B/train_data/images/IMG_259.jpg,/kaggle/input/datasets/tthien/shanghaitech/ShanghaiTech/part_B/train_data/ground-truth/GT_IMG_259.mat,768,1024,234,0,train
260,train,/kaggle/input/datasets/tthien/shanghaitech/ShanghaiTech/part_B/train_data/images/IMG_260.jpg,/kaggle/input/datasets/tthien/shanghaitech/ShanghaiTech/part_B/train_data/ground-truth/GT_IMG_260.mat,768,1024,161,0,train
261,train,/kaggle/input/datasets/tthien/shanghaitech/ShanghaiTech/part_B/train_data/images/IMG_261.jpg,/kaggle/input/datasets/tthien/shanghaitech/ShanghaiTech/part_B/train_data/ground-truth/GT_IMG_261.mat,768,1024,35,0,train
262,train,/kaggle/input/datasets/tthien/shanghaitech/ShanghaiTech/part_B/train_data/images/IMG_262.jpg,/kaggle/input/datasets/tthien/shanghaitech/ShanghaiTech/part_B/train_data/ground-truth/GT_IMG_262.mat,768,1024,47,0,train
263,train,/kaggle/input/datasets/tthien/shanghaitech/ShanghaiTech/part_B/train_data/images/IMG_263.jpg,/kaggle/input/datasets/tthien/shanghaitech/ShanghaiTech/part_B/train_data/ground-truth/GT_IMG_263.mat,768,1024,105,0,train
264,train,/kaggle/input/datasets/tthien/shanghaitech/ShanghaiTech/part_B/train_data/images/IMG_264.jpg,/kaggle/input/datasets/tthien/shanghaitech/ShanghaiTech/part_B/train_data/ground-truth/GT_IMG_264.mat,768,1024,29,0,train
265,train,/kaggle/input/datasets/tthien/shanghaitech/ShanghaiTech/part_B/train_data/images/IMG_265.jpg,/kaggle/input/datasets/tthien/shanghaitech/ShanghaiTech/part_B/train_data/ground-truth/GT_IMG_265.mat,768,1024,32,0,train
266,train,/kaggle/input/datasets/tthien/shanghaitech/ShanghaiTech/part_B/train_data/images/IMG_266.jpg,/kaggle/input/datasets/tthien/shanghaitech/ShanghaiTech/part_B/train_data/ground-truth/GT_IMG_266.mat,768,1024,80,0,train
267,train,/kaggle/input/datasets/tthien/shanghaitech/ShanghaiTech/part_B/train_data/images/IMG_267.jpg,/kaggle/input/datasets/tthien/shanghaitech/ShanghaiTech/part_B/train_data/ground-truth/GT_IMG_267.mat,768,1024,137,0,train
268,train,/kaggle/input/datasets/tthien/shanghaitech/ShanghaiTech/part_B/train_data/images/IMG_268.jpg,/kaggle/input/datasets/tthien/shanghaitech/ShanghaiTech/part_B/train_data/ground-truth/GT_IMG_268.mat,768,1024,34,0,train
269,train,/kaggle/input/datasets/tthien/shanghaitech/ShanghaiTech/part_B/train_data/images/IMG_269.jpg,/kaggle/input/datasets/tthien/shanghaitech/ShanghaiTech/part_B/train_data/ground-truth/GT_IMG_269.mat,768,1024,146,0,train
270,train,/kaggle/input/datasets/tthien/shanghaitech/ShanghaiTech/part_B/train_data/images/IMG_270.jpg,/kaggle/input/datasets/tthien/shanghaitech/ShanghaiTech/part_B/train_data/ground-truth/GT_IMG_270.mat,768,1024,55,0,train
271,train,/kaggle/input/datasets/tthien/shanghaitech/ShanghaiTech/part_B/train_data/images/IMG_271.jpg,/kaggle/input/datasets/tthien/shanghaitech/ShanghaiTech/part_B/train_data/ground-truth/GT_IMG_271.mat,768,1024,175,0,train
272,train,/kaggle/input/datasets/tthien/shanghaitech/ShanghaiTech/part_B/train_data/images/IMG_272.jpg,/kaggle/input/datasets/tthien/shanghaitech/ShanghaiTech/part_B/train_data/ground-truth/GT_IMG_272.mat,768,1024,198,0,train
273,train,/kaggle/input/datasets/tthien/shanghaitech/ShanghaiTech/part_B/train_data/images/IMG_273.jpg,/kaggle/input/datasets/tthien/shanghaitech/ShanghaiTech/part_B/train_data/ground-truth/GT_IMG_273.mat,768,1024,74,0,train
274,train,/kaggle/input/datasets/tthien/shanghaitech/ShanghaiTech/part_B/train_data/images/IMG_274.jpg,/kaggle/input/datasets/tthien/shanghaitech/ShanghaiTech/part_B/train_data/ground-truth/GT_IMG_274.mat,768,1024,78,0,train
275,train,/kaggle/input/datasets/tthien/shanghaitech/ShanghaiTech/part_B/train_data/images/IMG_275.jpg,/kaggle/input/datasets/tthien/shanghaitech/ShanghaiTech/part_B/train_data/ground-truth/GT_IMG_275.mat,768,1024,134,0,val
276,train,/kaggle/input/datasets/tthien/shanghaitech/ShanghaiTech/part_B/train_data/images/IMG_276.jpg,/kaggle/input/datasets/tthien/shanghaitech/ShanghaiTech/part_B/train_data/ground-truth/GT_IMG_276.mat,768,1024,26,0,train
277,train,/kaggle/input/datasets/tthien/shanghaitech/ShanghaiTech/part_B/train_data/images/IMG_277.jpg,/kaggle/input/datasets/tthien/shanghaitech/ShanghaiTech/part_B/train_data/ground-truth/GT_IMG_277.mat,768,1024,26,0,train
278,train,/kaggle/input/datasets/tthien/shanghaitech/ShanghaiTech/part_B/train_data/images/IMG_278.jpg,/kaggle/input/datasets/tthien/shanghaitech/ShanghaiTech/part_B/train_data/ground-truth/GT_IMG_278.mat,768,1024,30,0,train
279,train,/kaggle/input/datasets/tthien/shanghaitech/ShanghaiTech/part_B/train_data/images/IMG_279.jpg,/kaggle/input/datasets/tthien/shanghaitech/ShanghaiTech/part_B/train_data/ground-truth/GT_IMG_279.mat,768,1024,63,0,train
280,train,/kaggle/input/datasets/tthien/shanghaitech/ShanghaiTech/part_B/train_data/images/IMG_280.jpg,/kaggle/input/datasets/tthien/shanghaitech/ShanghaiTech/part_B/train_data/ground-truth/GT_IMG_280.mat,768,1024,359,0,train
281,train,/kaggle/input/datasets/tthien/shanghaitech/ShanghaiTech/part_B/train_data/images/IMG_281.jpg,/kaggle/input/datasets/tthien/shanghaitech/ShanghaiTech/part_B/train_data/ground-truth/GT_IMG_281.mat,768,1024,80,0,train
282,train,/kaggle/input/datasets/tthien/shanghaitech/ShanghaiTech/part_B/train_data/images/IMG_282.jpg,/kaggle/input/datasets/tthien/shanghaitech/ShanghaiTech/part_B/train_data/ground-truth/GT_IMG_282.mat,768,1024,261,0,train
283,train,/kaggle/input/datasets/tthien/shanghaitech/ShanghaiTech/part_B/train_data/images/IMG_283.jpg,/kaggle/input/datasets/tthien/shanghaitech/ShanghaiTech/part_B/train_data/ground-truth/GT_IMG_283.mat,768,1024,117,0,train
284,train,/kaggle/input/datasets/tthien/shanghaitech/ShanghaiTech/part_B/train_data/images/IMG_284.jpg,/kaggle/input/datasets/tthien/shanghaitech/ShanghaiTech/part_B/train_data/ground-truth/GT_IMG_284.mat,768,1024,247,0,train
285,train,/kaggle/input/datasets/tthien/shanghaitech/ShanghaiTech/part_B/train_data/images/IMG_285.jpg,/kaggle/input/datasets/tthien/shanghaitech/ShanghaiTech/part_B/train_data/ground-truth/GT_IMG_285.mat,768,1024,26,0,val
286,train,/kaggle/input/datasets/tthien/shanghaitech/ShanghaiTech/part_B/train_data/images/IMG_286.jpg,/kaggle/input/datasets/tthien/shanghaitech/ShanghaiTech/part_B/train_data/ground-truth/GT_IMG_286.mat,768,1024,130,0,train
287,train,/kaggle/input/datasets/tthien/shanghaitech/ShanghaiTech/part_B/train_data/images/IMG_287.jpg,/kaggle/input/datasets/tthien/shanghaitech/ShanghaiTech/part_B/train_data/ground-truth/GT_IMG_287.mat,768,1024,121,0,train
288,train,/kaggle/input/datasets/tthien/shanghaitech/ShanghaiTech/part_B/train_data/images/IMG_288.jpg,/kaggle/input/datasets/tthien/shanghaitech/ShanghaiTech/part_B/train_data/ground-truth/GT_IMG_288.mat,768,1024,16,0,train
289,train,/kaggle/input/datasets/tthien/shanghaitech/ShanghaiTech/part_B/train_data/images/IMG_289.jpg,/kaggle/input/datasets/tthien/shanghaitech/ShanghaiTech/part_B/train_data/ground-truth/GT_IMG_289.mat,768,1024,123,0,train
290,train,/kaggle/input/datasets/tthien/shanghaitech/ShanghaiTech/part_B/train_data/images/IMG_290.jpg,/kaggle/input/datasets/tthien/shanghaitech/ShanghaiTech/part_B/train_data/ground-truth/GT_IMG_290.mat,768,1024,78,0,train
291,train,/kaggle/input/datasets/tthien/shanghaitech/ShanghaiTech/part_B/train_data/images/IMG_291.jpg,/kaggle/input/datasets/tthien/shanghaitech/ShanghaiTech/part_B/train_data/ground-truth/GT_IMG_291.mat,768,1024,109,0,train
292,train,/kaggle/input/datasets/tthien/shanghaitech/ShanghaiTech/part_B/train_data/images/IMG_292.jpg,/kaggle/input/datasets/tthien/shanghaitech/ShanghaiTech/part_B/train_data/ground-truth/GT_IMG_292.mat,768,1024,33,0,train
293,train,/kaggle/input/datasets/tthien/shanghaitech/ShanghaiTech/part_B/train_data/images/IMG_293.jpg,/kaggle/input/datasets/tthien/shanghaitech/ShanghaiTech/part_B/train_data/ground-truth/GT_IMG_293.mat,768,1024,23,0,train
294,train,/kaggle/input/datasets/tthien/shanghaitech/ShanghaiTech/part_B/train_data/images/IMG_294.jpg,/kaggle/input/datasets/tthien/shanghaitech/ShanghaiTech/part_B/train_data/ground-truth/GT_IMG_294.mat,768,1024,47,0,train
295,train,/kaggle/input/datasets/tthien/shanghaitech/ShanghaiTech/part_B/train_data/images/IMG_295.jpg,/kaggle/input/datasets/tthien/shanghaitech/ShanghaiTech/part_B/train_data/ground-truth/GT_IMG_295.mat,768,1024,268,0,train
296,train,/kaggle/input/datasets/tthien/shanghaitech/ShanghaiTech/part_B/train_data/images/IMG_296.jpg,/kaggle/input/datasets/tthien/shanghaitech/ShanghaiTech/part_B/train_data/ground-truth/GT_IMG_296.mat,768,1024,123,0,train
297,train,/kaggle/input/datasets/tthien/shanghaitech/ShanghaiTech/part_B/train_data/images/IMG_297.jpg,/kaggle/input/datasets/tthien/shanghaitech/ShanghaiTech/part_B/train_data/ground-truth/GT_IMG_297.mat,768,1024,273,0,train
298,train,/kaggle/input/datasets/tthien/shanghaitech/ShanghaiTech/part_B/train_data/images/IMG_298.jpg,/kaggle/input/datasets/tthien/shanghaitech/ShanghaiTech/part_B/train_data/ground-truth/GT_IMG_298.mat,768,1024,47,0,val
299,train,/kaggle/input/datasets/tthien/shanghaitech/ShanghaiTech/part_B/train_data/images/IMG_299.jpg,/kaggle/input/datasets/tthien/shanghaitech/ShanghaiTech/part_B/train_data/ground-truth/GT_IMG_299.mat,768,1024,59,0,train
300,train,/kaggle/input/datasets/tthien/shanghaitech/ShanghaiTech/part_B/train_data/images/IMG_300.jpg,/kaggle/input/datasets/tthien/shanghaitech/ShanghaiTech/part_B/train_data/ground-truth/GT_IMG_300.mat,768,1024,190,0,train
301,train,/kaggle/input/datasets/tthien/shanghaitech/ShanghaiTech/part_B/train_data/images/IMG_301.jpg,/kaggle/input/datasets/tthien/shanghaitech/ShanghaiTech/part_B/train_data/ground-truth/GT_IMG_301.mat,768,1024,87,0,val
302,train,/kaggle/input/datasets/tthien/shanghaitech/ShanghaiTech/part_B/train_data/images/IMG_302.jpg,/kaggle/input/datasets/tthien/shanghaitech/ShanghaiTech/part_B/train_data/ground-truth/GT_IMG_302.mat,768,1024,82,0,train
303,train,/kaggle/input/datasets/tthien/shanghaitech/ShanghaiTech/part_B/train_data/images/IMG_303.jpg,/kaggle/input/datasets/tthien/shanghaitech/ShanghaiTech/part_B/train_data/ground-truth/GT_IMG_303.mat,768,1024,296,0,train
304,train,/kaggle/input/datasets/tthien/shanghaitech/ShanghaiTech/part_B/train_data/images/IMG_304.jpg,/kaggle/input/datasets/tthien/shanghaitech/ShanghaiTech/part_B/train_data/ground-truth/GT_IMG_304.mat,768,1024,171,0,train
305,train,/kaggle/input/datasets/tthien/shanghaitech/ShanghaiTech/part_B/train_data/images/IMG_305.jpg,/kaggle/input/datasets/tthien/shanghaitech/ShanghaiTech/part_B/train_data/ground-truth/GT_IMG_305.mat,768,1024,152,0,train
306,train,/kaggle/input/datasets/tthien/shanghaitech/ShanghaiTech/part_B/train_data/images/IMG_306.jpg,/kaggle/input/datasets/tthien/shanghaitech/ShanghaiTech/part_B/train_data/ground-truth/GT_IMG_306.mat,768,1024,141,0,train
307,train,/kaggle/input/datasets/tthien/shanghaitech/ShanghaiTech/part_B/train_data/images/IMG_307.jpg,/kaggle/input/datasets/tthien/shanghaitech/ShanghaiTech/part_B/train_data/ground-truth/GT_IMG_307.mat,768,1024,106,0,train
308,train,/kaggle/input/datasets/tthien/shanghaitech/ShanghaiTech/part_B/train_data/images/IMG_308.jpg,/kaggle/input/datasets/tthien/shanghaitech/ShanghaiTech/part_B/train_data/ground-truth/GT_IMG_308.mat,768,1024,161,0,val
309,train,/kaggle/input/datasets/tthien/shanghaitech/ShanghaiTech/part_B/train_data/images/IMG_309.jpg,/kaggle/input/datasets/tthien/shanghaitech/ShanghaiTech/part_B/train_data/ground-truth/GT_IMG_309.mat,768,1024,54,0,train
310,train,/kaggle/input/datasets/tthien/shanghaitech/ShanghaiTech/part_B/train_data/images/IMG_310.jpg,/kaggle/input/datasets/tthien/shanghaitech/ShanghaiTech/part_B/train_data/ground-truth/GT_IMG_310.mat,768,1024,58,0,train
311,train,/kaggle/input/datasets/tthien/shanghaitech/ShanghaiTech/part_B/train_data/images/IMG_311.jpg,/kaggle/input/datasets/tthien/shanghaitech/ShanghaiTech/part_B/train_data/ground-truth/GT_IMG_311.mat,768,1024,143,0,train
312,train,/kaggle/input/datasets/tthien/shanghaitech/ShanghaiTech/part_B/train_data/images/IMG_312.jpg,/kaggle/input/datasets/tthien/shanghaitech/ShanghaiTech/part_B/train_data/ground-truth/GT_IMG_312.mat,768,1024,114,0,val
313,train,/kaggle/input/datasets/tthien/shanghaitech/ShanghaiTech/part_B/train_data/images/IMG_313.jpg,/kaggle/input/datasets/tthien/shanghaitech/ShanghaiTech/part_B/train_data/ground-truth/GT_IMG_313.mat,768,1024,41,0,train
314,train,/kaggle/input/datasets/tthien/shanghaitech/ShanghaiTech/part_B/train_data/images/IMG_314.jpg,/kaggle/input/datasets/tthien/shanghaitech/ShanghaiTech/part_B/train_data/ground-truth/GT_IMG_314.mat,768,1024,26,0,train
315,train,/kaggle/input/datasets/tthien/shanghaitech/ShanghaiTech/part_B/train_data/images/IMG_315.jpg,/kaggle/input/datasets/tthien/shanghaitech/ShanghaiTech/part_B/train_data/ground-truth/GT_IMG_315.mat,768,1024,344,0,train
316,train,/kaggle/input/datasets/tthien/shanghaitech/ShanghaiTech/part_B/train_data/images/IMG_316.jpg,/kaggle/input/datasets/tthien/shanghaitech/ShanghaiTech/part_B/train_data/ground-truth/GT_IMG_316.mat,768,1024,35,0,train
317,train,/kaggle/input/datasets/tthien/shanghaitech/ShanghaiTech/part_B/train_data/images/IMG_317.jpg,/kaggle/input/datasets/tthien/shanghaitech/ShanghaiTech/part_B/train_data/ground-truth/GT_IMG_317.mat,768,1024,108,0,train
318,train,/kaggle/input/datasets/tthien/shanghaitech/ShanghaiTech/part_B/train_data/images/IMG_318.jpg,/kaggle/input/datasets/tthien/shanghaitech/ShanghaiTech/part_B/train_data/ground-truth/GT_IMG_318.mat,768,1024,86,0,train
319,train,/kaggle/input/datasets/tthien/shanghaitech/ShanghaiTech/part_B/train_data/images/IMG_319.jpg,/kaggle/input/datasets/tthien/shanghaitech/ShanghaiTech/part_B/train_data/ground-truth/GT_IMG_319.mat,768,1024,55,0,train
320,train,/kaggle/input/datasets/tthien/shanghaitech/ShanghaiTech/part_B/train_data/images/IMG_320.jpg,/kaggle/input/datasets/tthien/shanghaitech/ShanghaiTech/part_B/train_data/ground-truth/GT_IMG_320.mat,768,1024,148,0,train
321,train,/kaggle/input/datasets/tthien/shanghaitech/ShanghaiTech/part_B/train_data/images/IMG_321.jpg,/kaggle/input/datasets/tthien/shanghaitech/ShanghaiTech/part_B/train_data/ground-truth/GT_IMG_321.mat,768,1024,166,0,train
322,train,/kaggle/input/datasets/tthien/shanghaitech/ShanghaiTech/part_B/train_data/images/IMG_322.jpg,/kaggle/input/datasets/tthien/shanghaitech/ShanghaiTech/part_B/train_data/ground-truth/GT_IMG_322.mat,768,1024,55,0,train
323,train,/kaggle/input/datasets/tthien/shanghaitech/ShanghaiTech/part_B/train_data/images/IMG_323.jpg,/kaggle/input/datasets/tthien/shanghaitech/ShanghaiTech/part_B/train_data/ground-truth/GT_IMG_323.mat,768,1024,54,0,train
324,train,/kaggle/input/datasets/tthien/shanghaitech/ShanghaiTech/part_B/train_data/images/IMG_324.jpg,/kaggle/input/datasets/tthien/shanghaitech/ShanghaiTech/part_B/train_data/ground-truth/GT_IMG_324.mat,768,1024,178,0,train
325,train,/kaggle/input/datasets/tthien/shanghaitech/ShanghaiTech/part_B/train_data/images/IMG_325.jpg,/kaggle/input/datasets/tthien/shanghaitech/ShanghaiTech/part_B/train_data/ground-truth/GT_IMG_325.mat,768,1024,55,0,train
326,train,/kaggle/input/datasets/tthien/shanghaitech/ShanghaiTech/part_B/train_data/images/IMG_326.jpg,/kaggle/input/datasets/tthien/shanghaitech/ShanghaiTech/part_B/train_data/ground-truth/GT_IMG_326.mat,768,1024,35,0,train
327,train,/kaggle/input/datasets/tthien/shanghaitech/ShanghaiTech/part_B/train_data/images/IMG_327.jpg,/kaggle/input/datasets/tthien/shanghaitech/ShanghaiTech/part_B/train_data/ground-truth/GT_IMG_327.mat,768,1024,130,0,train
328,train,/kaggle/input/datasets/tthien/shanghaitech/ShanghaiTech/part_B/train_data/images/IMG_328.jpg,/kaggle/input/datasets/tthien/shanghaitech/ShanghaiTech/part_B/train_data/ground-truth/GT_IMG_328.mat,768,1024,27,0,train
329,train,/kaggle/input/datasets/tthien/shanghaitech/ShanghaiTech/part_B/train_data/images/IMG_329.jpg,/kaggle/input/datasets/tthien/shanghaitech/ShanghaiTech/part_B/train_data/ground-truth/GT_IMG_329.mat,768,1024,136,0,train
330,train,/kaggle/input/datasets/tthien/shanghaitech/ShanghaiTech/part_B/train_data/images/IMG_330.jpg,/kaggle/input/datasets/tthien/shanghaitech/ShanghaiTech/part_B/train_data/ground-truth/GT_IMG_330.mat,768,1024,153,0,train
331,train,/kaggle/input/datasets/tthien/shanghaitech/ShanghaiTech/part_B/train_data/images/IMG_331.jpg,/kaggle/input/datasets/tthien/shanghaitech/ShanghaiTech/part_B/train_data/ground-truth/GT_IMG_331.mat,768,1024,340,0,val
332,train,/kaggle/input/datasets/tthien/shanghaitech/ShanghaiTech/part_B/train_data/images/IMG_332.jpg,/kaggle/input/datasets/tthien/shanghaitech/ShanghaiTech/part_B/train_data/ground-truth/GT_IMG_332.mat,768,1024,15,0,val
333,train,/kaggle/input/datasets/tthien/shanghaitech/ShanghaiTech/part_B/train_data/images/IMG_333.jpg,/kaggle/input/datasets/tthien/shanghaitech/ShanghaiTech/part_B/train_data/ground-truth/GT_IMG_333.mat,768,1024,33,0,train
334,train,/kaggle/input/datasets/tthien/shanghaitech/ShanghaiTech/part_B/train_data/images/IMG_334.jpg,/kaggle/input/datasets/tthien/shanghaitech/ShanghaiTech/part_B/train_data/ground-truth/GT_IMG_334.mat,768,1024,61,0,train
335,train,/kaggle/input/datasets/tthien/shanghaitech/ShanghaiTech/part_B/train_data/images/IMG_335.jpg,/kaggle/input/datasets/tthien/shanghaitech/ShanghaiTech/part_B/train_data/ground-truth/GT_IMG_335.mat,768,1024,23,0,train
336,train,/kaggle/input/datasets/tthien/shanghaitech/ShanghaiTech/part_B/train_data/images/IMG_336.jpg,/kaggle/input/datasets/tthien/shanghaitech/ShanghaiTech/part_B/train_data/ground-truth/GT_IMG_336.mat,768,1024,109,0,train
337,train,/kaggle/input/datasets/tthien/shanghaitech/ShanghaiTech/part_B/train_data/images/IMG_337.jpg,/kaggle/input/datasets/tthien/shanghaitech/ShanghaiTech/part_B/train_data/ground-truth/GT_IMG_337.mat,768,1024,89,0,train
338,train,/kaggle/input/datasets/tthien/shanghaitech/ShanghaiTech/part_B/train_data/images/IMG_338.jpg,/kaggle/input/datasets/tthien/shanghaitech/ShanghaiTech/part_B/train_data/ground-truth/GT_IMG_338.mat,768,1024,96,0,train
339,train,/kaggle/input/datasets/tthien/shanghaitech/ShanghaiTech/part_B/train_data/images/IMG_339.jpg,/kaggle/input/datasets/tthien/shanghaitech/ShanghaiTech/part_B/train_data/ground-truth/GT_IMG_339.mat,768,1024,35,0,train
340,train,/kaggle/input/datasets/tthien/shanghaitech/ShanghaiTech/part_B/train_data/images/IMG_340.jpg,/kaggle/input/datasets/tthien/shanghaitech/ShanghaiTech/part_B/train_data/ground-truth/GT_IMG_340.mat,768,1024,156,0,val
341,train,/kaggle/input/datasets/tthien/shanghaitech/ShanghaiTech/part_B/train_data/images/IMG_341.jpg,/kaggle/input/datasets/tthien/shanghaitech/ShanghaiTech/part_B/train_data/ground-truth/GT_IMG_341.mat,768,1024,68,0,val
342,train,/kaggle/input/datasets/tthien/shanghaitech/ShanghaiTech/part_B/train_data/images/IMG_342.jpg,/kaggle/input/datasets/tthien/shanghaitech/ShanghaiTech/part_B/train_data/ground-truth/GT_IMG_342.mat,768,1024,157,0,train
343,train,/kaggle/input/datasets/tthien/shanghaitech/ShanghaiTech/part_B/train_data/images/IMG_343.jpg,/kaggle/input/datasets/tthien/shanghaitech/ShanghaiTech/part_B/train_data/ground-truth/GT_IMG_343.mat,768,1024,264,0,train
344,train,/kaggle/input/datasets/tthien/shanghaitech/ShanghaiTech/part_B/train_data/images/IMG_344.jpg,/kaggle/input/datasets/tthien/shanghaitech/ShanghaiTech/part_B/train_data/ground-truth/GT_IMG_344.mat,768,1024,71,0,train
345,train,/kaggle/input/datasets/tthien/shanghaitech/ShanghaiTech/part_B/train_data/images/IMG_345.jpg,/kaggle/input/datasets/tthien/shanghaitech/ShanghaiTech/part_B/train_data/ground-truth/GT_IMG_345.mat,768,1024,77,0,train
346,train,/kaggle/input/datasets/tthien/shanghaitech/ShanghaiTech/part_B/train_data/images/IMG_346.jpg,/kaggle/input/datasets/tthien/shanghaitech/ShanghaiTech/part_B/train_data/ground-truth/GT_IMG_346.mat,768,1024,87,0,train
347,train,/kaggle/input/datasets/tthien/shanghaitech/ShanghaiTech/part_B/train_data/images/IMG_347.jpg,/kaggle/input/datasets/tthien/shanghaitech/ShanghaiTech/part_B/train_data/ground-truth/GT_IMG_347.mat,768,1024,32,0,train
348,train,/kaggle/input/datasets/tthien/shanghaitech/ShanghaiTech/part_B/train_data/images/IMG_348.jpg,/kaggle/input/datasets/tthien/shanghaitech/ShanghaiTech/part_B/train_data/ground-truth/GT_IMG_348.mat,768,1024,346,0,train
349,train,/kaggle/input/datasets/tthien/shanghaitech/ShanghaiTech/part_B/train_data/images/IMG_349.jpg,/kaggle/input/datasets/tthien/shanghaitech/ShanghaiTech/part_B/train_data/ground-truth/GT_IMG_349.mat,768,1024,110,0,train
350,train,/kaggle/input/datasets/tthien/shanghaitech/ShanghaiTech/part_B/train_data/images/IMG_350.jpg,/kaggle/input/datasets/tthien/shanghaitech/ShanghaiTech/part_B/train_data/ground-truth/GT_IMG_350.mat,768,1024,28,0,train
351,train,/kaggle/input/datasets/tthien/shanghaitech/ShanghaiTech/part_B/train_data/images/IMG_351.jpg,/kaggle/input/datasets/tthien/shanghaitech/ShanghaiTech/part_B/train_data/ground-truth/GT_IMG_351.mat,768,1024,98,0,train
352,train,/kaggle/input/datasets/tthien/shanghaitech/ShanghaiTech/part_B/train_data/images/IMG_352.jpg,/kaggle/input/datasets/tthien/shanghaitech/ShanghaiTech/part_B/train_data/ground-truth/GT_IMG_352.mat,768,1024,350,0,train
353,train,/kaggle/input/datasets/tthien/shanghaitech/ShanghaiTech/part_B/train_data/images/IMG_353.jpg,/kaggle/input/datasets/tthien/shanghaitech/ShanghaiTech/part_B/train_data/ground-truth/GT_IMG_353.mat,768,1024,88,0,train
354,train,/kaggle/input/datasets/tthien/shanghaitech/ShanghaiTech/part_B/train_data/images/IMG_354.jpg,/kaggle/input/datasets/tthien/shanghaitech/ShanghaiTech/part_B/train_data/ground-truth/GT_IMG_354.mat,768,1024,159,0,train
355,train,/kaggle/input/datasets/tthien/shanghaitech/ShanghaiTech/part_B/train_data/images/IMG_355.jpg,/kaggle/input/datasets/tthien/shanghaitech/ShanghaiTech/part_B/train_data/ground-truth/GT_IMG_355.mat,768,1024,19,0,train
356,train,/kaggle/input/datasets/tthien/shanghaitech/ShanghaiTech/part_B/train_data/images/IMG_356.jpg,/kaggle/input/datasets/tthien/shanghaitech/ShanghaiTech/part_B/train_data/ground-truth/GT_IMG_356.mat,768,1024,200,0,val
357,train,/kaggle/input/datasets/tthien/shanghaitech/ShanghaiTech/part_B/train_data/images/IMG_357.jpg,/kaggle/input/datasets/tthien/shanghaitech/ShanghaiTech/part_B/train_data/ground-truth/GT_IMG_357.mat,768,1024,63,0,train
358,train,/kaggle/input/datasets/tthien/shanghaitech/ShanghaiTech/part_B/train_data/images/IMG_358.jpg,/kaggle/input/datasets/tthien/shanghaitech/ShanghaiTech/part_B/train_data/ground-truth/GT_IMG_358.mat,768,1024,86,0,train
359,train,/kaggle/input/datasets/tthien/shanghaitech/ShanghaiTech/part_B/train_data/images/IMG_359.jpg,/kaggle/input/datasets/tthien/shanghaitech/ShanghaiTech/part_B/train_data/ground-truth/GT_IMG_359.mat,768,1024,49,0,train
360,train,/kaggle/input/datasets/tthien/shanghaitech/ShanghaiTech/part_B/train_data/images/IMG_360.jpg,/kaggle/input/datasets/tthien/shanghaitech/ShanghaiTech/part_B/train_data/ground-truth/GT_IMG_360.mat,768,1024,111,0,train
361,train,/kaggle/input/datasets/tthien/shanghaitech/ShanghaiTech/part_B/train_data/images/IMG_361.jpg,/kaggle/input/datasets/tthien/shanghaitech/ShanghaiTech/part_B/train_data/ground-truth/GT_IMG_361.mat,768,1024,161,0,train
362,train,/kaggle/input/datasets/tthien/shanghaitech/ShanghaiTech/part_B/train_data/images/IMG_362.jpg,/kaggle/input/datasets/tthien/shanghaitech/ShanghaiTech/part_B/train_data/ground-truth/GT_IMG_362.mat,768,1024,79,0,train
363,train,/kaggle/input/datasets/tthien/shanghaitech/ShanghaiTech/part_B/train_data/images/IMG_363.jpg,/kaggle/input/datasets/tthien/shanghaitech/ShanghaiTech/part_B/train_data/ground-truth/GT_IMG_363.mat,768,1024,80,0,train
364,train,/kaggle/input/datasets/tthien/shanghaitech/ShanghaiTech/part_B/train_data/images/IMG_364.jpg,/kaggle/input/datasets/tthien/shanghaitech/ShanghaiTech/part_B/train_data/ground-truth/GT_IMG_364.mat,768,1024,257,0,train
365,train,/kaggle/input/datasets/tthien/shanghaitech/ShanghaiTech/part_B/train_data/images/IMG_365.jpg,/kaggle/input/datasets/tthien/shanghaitech/ShanghaiTech/part_B/train_data/ground-truth/GT_IMG_365.mat,768,1024,75,0,val
366,train,/kaggle/input/datasets/tthien/shanghaitech/ShanghaiTech/part_B/train_data/images/IMG_366.jpg,/kaggle/input/datasets/tthien/shanghaitech/ShanghaiTech/part_B/train_data/ground-truth/GT_IMG_366.mat,768,1024,45,0,train
367,train,/kaggle/input/datasets/tthien/shanghaitech/ShanghaiTech/part_B/train_data/images/IMG_367.jpg,/kaggle/input/datasets/tthien/shanghaitech/ShanghaiTech/part_B/train_data/ground-truth/GT_IMG_367.mat,768,1024,84,0,train
368,train,/kaggle/input/datasets/tthien/shanghaitech/ShanghaiTech/part_B/train_data/images/IMG_368.jpg,/kaggle/input/datasets/tthien/shanghaitech/ShanghaiTech/part_B/train_data/ground-truth/GT_IMG_368.mat,768,1024,130,0,train
369,train,/kaggle/input/datasets/tthien/shanghaitech/ShanghaiTech/part_B/train_data/images/IMG_369.jpg,/kaggle/input/datasets/tthien/shanghaitech/ShanghaiTech/part_B/train_data/ground-truth/GT_IMG_369.mat,768,1024,145,0,train
370,train,/kaggle/input/datasets/tthien/shanghaitech/ShanghaiTech/part_B/train_data/images/IMG_370.jpg,/kaggle/input/datasets/tthien/shanghaitech/ShanghaiTech/part_B/train_data/ground-truth/GT_IMG_370.mat,768,1024,106,0,train
371,train,/kaggle/input/datasets/tthien/shanghaitech/ShanghaiTech/part_B/train_data/images/IMG_371.jpg,/kaggle/input/datasets/tthien/shanghaitech/ShanghaiTech/part_B/train_data/ground-truth/GT_IMG_371.mat,768,1024,108,0,train
372,train,/kaggle/input/datasets/tthien/shanghaitech/ShanghaiTech/part_B/train_data/images/IMG_372.jpg,/kaggle/input/datasets/tthien/shanghaitech/ShanghaiTech/part_B/train_data/ground-truth/GT_IMG_372.mat,768,1024,125,0,train
373,train,/kaggle/input/datasets/tthien/shanghaitech/ShanghaiTech/part_B/train_data/images/IMG_373.jpg,/kaggle/input/datasets/tthien/shanghaitech/ShanghaiTech/part_B/train_data/ground-truth/GT_IMG_373.mat,768,1024,23,0,train
374,train,/kaggle/input/datasets/tthien/shanghaitech/ShanghaiTech/part_B/train_data/images/IMG_374.jpg,/kaggle/input/datasets/tthien/shanghaitech/ShanghaiTech/part_B/train_data/ground-truth/GT_IMG_374.mat,768,1024,131,0,train
375,train,/kaggle/input/datasets/tthien/shanghaitech/ShanghaiTech/part_B/train_data/images/IMG_375.jpg,/kaggle/input/datasets/tthien/shanghaitech/ShanghaiTech/part_B/train_data/ground-truth/GT_IMG_375.mat,768,1024,73,0,train
376,train,/kaggle/input/datasets/tthien/shanghaitech/ShanghaiTech/part_B/train_data/images/IMG_376.jpg,/kaggle/input/datasets/tthien/shanghaitech/ShanghaiTech/part_B/train_data/ground-truth/GT_IMG_376.mat,768,1024,50,0,train
377,train,/kaggle/input/datasets/tthien/shanghaitech/ShanghaiTech/part_B/train_data/images/IMG_377.jpg,/kaggle/input/datasets/tthien/shanghaitech/ShanghaiTech/part_B/train_data/ground-truth/GT_IMG_377.mat,768,1024,95,0,train
378,train,/kaggle/input/datasets/tthien/shanghaitech/ShanghaiTech/part_B/train_data/images/IMG_378.jpg,/kaggle/input/datasets/tthien/shanghaitech/ShanghaiTech/part_B/train_data/ground-truth/GT_IMG_378.mat,768,1024,80,0,train
379,train,/kaggle/input/datasets/tthien/shanghaitech/ShanghaiTech/part_B/train_data/images/IMG_379.jpg,/kaggle/input/datasets/tthien/shanghaitech/ShanghaiTech/part_B/train_data/ground-truth/GT_IMG_379.mat,768,1024,168,0,train
380,train,/kaggle/input/datasets/tthien/shanghaitech/ShanghaiTech/part_B/train_data/images/IMG_380.jpg,/kaggle/input/datasets/tthien/shanghaitech/ShanghaiTech/part_B/train_data/ground-truth/GT_IMG_380.mat,768,1024,132,0,train
381,train,/kaggle/input/datasets/tthien/shanghaitech/ShanghaiTech/part_B/train_data/images/IMG_381.jpg,/kaggle/input/datasets/tthien/shanghaitech/ShanghaiTech/part_B/train_data/ground-truth/GT_IMG_381.mat,768,1024,132,0,train
382,train,/kaggle/input/datasets/tthien/shanghaitech/ShanghaiTech/part_B/train_data/images/IMG_382.jpg,/kaggle/input/datasets/tthien/shanghaitech/ShanghaiTech/part_B/train_data/ground-truth/GT_IMG_382.mat,768,1024,85,0,train
383,train,/kaggle/input/datasets/tthien/shanghaitech/ShanghaiTech/part_B/train_data/images/IMG_383.jpg,/kaggle/input/datasets/tthien/shanghaitech/ShanghaiTech/part_B/train_data/ground-truth/GT_IMG_383.mat,768,1024,51,0,train
384,train,/kaggle/input/datasets/tthien/shanghaitech/ShanghaiTech/part_B/train_data/images/IMG_384.jpg,/kaggle/input/datasets/tthien/shanghaitech/ShanghaiTech/part_B/train_data/ground-truth/GT_IMG_384.mat,768,1024,85,0,train
385,train,/kaggle/input/datasets/tthien/shanghaitech/ShanghaiTech/part_B/train_data/images/IMG_385.jpg,/kaggle/input/datasets/tthien/shanghaitech/ShanghaiTech/part_B/train_data/ground-truth/GT_IMG_385.mat,768,1024,56,0,train
386,train,/kaggle/input/datasets/tthien/shanghaitech/ShanghaiTech/part_B/train_data/images/IMG_386.jpg,/kaggle/input/datasets/tthien/shanghaitech/ShanghaiTech/part_B/train_data/ground-truth/GT_IMG_386.mat,768,1024,159,0,train
387,train,/kaggle/input/datasets/tthien/shanghaitech/ShanghaiTech/part_B/train_data/images/IMG_387.jpg,/kaggle/input/datasets/tthien/shanghaitech/ShanghaiTech/part_B/train_data/ground-truth/GT_IMG_387.mat,768,1024,88,0,train
388,train,/kaggle/input/datasets/tthien/shanghaitech/ShanghaiTech/part_B/train_data/images/IMG_388.jpg,/kaggle/input/datasets/tthien/shanghaitech/ShanghaiTech/part_B/train_data/ground-truth/GT_IMG_388.mat,768,1024,137,0,train
389,train,/kaggle/input/datasets/tthien/shanghaitech/ShanghaiTech/part_B/train_data/images/IMG_389.jpg,/kaggle/input/datasets/tthien/shanghaitech/ShanghaiTech/part_B/train_data/ground-truth/GT_IMG_389.mat,768,1024,54,0,train
390,train,/kaggle/input/datasets/tthien/shanghaitech/ShanghaiTech/part_B/train_data/images/IMG_390.jpg,/kaggle/input/datasets/tthien/shanghaitech/ShanghaiTech/part_B/train_data/ground-truth/GT_IMG_390.mat,768,1024,45,0,train
391,train,/kaggle/input/datasets/tthien/shanghaitech/ShanghaiTech/part_B/train_data/images/IMG_391.jpg,/kaggle/input/datasets/tthien/shanghaitech/ShanghaiTech/part_B/train_data/ground-truth/GT_IMG_391.mat,768,1024,89,0,train
392,train,/kaggle/input/datasets/tthien/shanghaitech/ShanghaiTech/part_B/train_data/images/IMG_392.jpg,/kaggle/input/datasets/tthien/shanghaitech/ShanghaiTech/part_B/train_data/ground-truth/GT_IMG_392.mat,768,1024,94,0,train
393,train,/kaggle/input/datasets/tthien/shanghaitech/ShanghaiTech/part_B/train_data/images/IMG_393.jpg,/kaggle/input/datasets/tthien/shanghaitech/ShanghaiTech/part_B/train_data/ground-truth/GT_IMG_393.mat,768,1024,191,0,train
394,train,/kaggle/input/datasets/tthien/shanghaitech/ShanghaiTech/part_B/train_data/images/IMG_394.jpg,/kaggle/input/datasets/tthien/shanghaitech/ShanghaiTech/part_B/train_data/ground-truth/GT_IMG_394.mat,768,1024,107,0,train
395,train,/kaggle/input/datasets/tthien/shanghaitech/ShanghaiTech/part_B/train_data/images/IMG_395.jpg,/kaggle/input/datasets/tthien/shanghaitech/ShanghaiTech/part_B/train_data/ground-truth/GT_IMG_395.mat,768,1024,60,0,train
396,train,/kaggle/input/datasets/tthien/shanghaitech/ShanghaiTech/part_B/train_data/images/IMG_396.jpg,/kaggle/input/datasets/tthien/shanghaitech/ShanghaiTech/part_B/train_data/ground-truth/GT_IMG_396.mat,768,1024,28,0,val
397,train,/kaggle/input/datasets/tthien/shanghaitech/ShanghaiTech/part_B/train_data/images/IMG_397.jpg,/kaggle/input/datasets/tthien/shanghaitech/ShanghaiTech/part_B/train_data/ground-truth/GT_IMG_397.mat,768,1024,62,0,train
398,train,/kaggle/input/datasets/tthien/shanghaitech/ShanghaiTech/part_B/train_data/images/IMG_398.jpg,/kaggle/input/datasets/tthien/shanghaitech/ShanghaiTech/part_B/train_data/ground-truth/GT_IMG_398.mat,768,1024,62,0,train
399,train,/kaggle/input/datasets/tthien/shanghaitech/ShanghaiTech/part_B/train_data/images/IMG_399.jpg,/kaggle/input/datasets/tthien/shanghaitech/ShanghaiTech/part_B/train_data/ground-truth/GT_IMG_399.mat,768,1024,169,0,train
400,train,/kaggle/input/datasets/tthien/shanghaitech/ShanghaiTech/part_B/train_data/images/IMG_400.jpg,/kaggle/input/datasets/tthien/shanghaitech/ShanghaiTech/part_B/train_data/ground-truth/GT_IMG_400.mat,768,1024,61,0,train
1,test,/kaggle/input/datasets/tthien/shanghaitech/ShanghaiTech/part_B/test_data/images/IMG_1.jpg,/kaggle/input/datasets/tthien/shanghaitech/ShanghaiTech/part_B/test_data/ground-truth/GT_IMG_1.mat,768,1024,23,0,test
2,test,/kaggle/input/datasets/tthien/shanghaitech/ShanghaiTech/part_B/test_data/images/IMG_2.jpg,/kaggle/input/datasets/tthien/shanghaitech/ShanghaiTech/part_B/test_data/ground-truth/GT_IMG_2.mat,768,1024,52,0,test
3,test,/kaggle/input/datasets/tthien/shanghaitech/ShanghaiTech/part_B/test_data/images/IMG_3.jpg,/kaggle/input/datasets/tthien/shanghaitech/ShanghaiTech/part_B/test_data/ground-truth/GT_IMG_3.mat,768,1024,61,0,test
4,test,/kaggle/input/datasets/tthien/shanghaitech/ShanghaiTech/part_B/test_data/images/IMG_4.jpg,/kaggle/input/datasets/tthien/shanghaitech/ShanghaiTech/part_B/test_data/ground-truth/GT_IMG_4.mat,768,1024,95,0,test
5,test,/kaggle/input/datasets/tthien/shanghaitech/ShanghaiTech/part_B/test_data/images/IMG_5.jpg,/kaggle/input/datasets/tthien/shanghaitech/ShanghaiTech/part_B/test_data/ground-truth/GT_IMG_5.mat,768,1024,82,0,test
6,test,/kaggle/input/datasets/tthien/shanghaitech/ShanghaiTech/part_B/test_data/images/IMG_6.jpg,/kaggle/input/datasets/tthien/shanghaitech/ShanghaiTech/part_B/test_data/ground-truth/GT_IMG_6.mat,768,1024,195,0,test
7,test,/kaggle/input/datasets/tthien/shanghaitech/ShanghaiTech/part_B/test_data/images/IMG_7.jpg,/kaggle/input/datasets/tthien/shanghaitech/ShanghaiTech/part_B/test_data/ground-truth/GT_IMG_7.mat,768,1024,47,0,test
8,test,/kaggle/input/datasets/tthien/shanghaitech/ShanghaiTech/part_B/test_data/images/IMG_8.jpg,/kaggle/input/datasets/tthien/shanghaitech/ShanghaiTech/part_B/test_data/ground-truth/GT_IMG_8.mat,768,1024,62,0,test
9,test,/kaggle/input/datasets/tthien/shanghaitech/ShanghaiTech/part_B/test_data/images/IMG_9.jpg,/kaggle/input/datasets/tthien/shanghaitech/ShanghaiTech/part_B/test_data/ground-truth/GT_IMG_9.mat,768,1024,36,0,test
10,test,/kaggle/input/datasets/tthien/shanghaitech/ShanghaiTech/part_B/test_data/images/IMG_10.jpg,/kaggle/input/datasets/tthien/shanghaitech/ShanghaiTech/part_B/test_data/ground-truth/GT_IMG_10.mat,768,1024,181,0,test
11,test,/kaggle/input/datasets/tthien/shanghaitech/ShanghaiTech/part_B/test_data/images/IMG_11.jpg,/kaggle/input/datasets/tthien/shanghaitech/ShanghaiTech/part_B/test_data/ground-truth/GT_IMG_11.mat,768,1024,164,0,test
12,test,/kaggle/input/datasets/tthien/shanghaitech/ShanghaiTech/part_B/test_data/images/IMG_12.jpg,/kaggle/input/datasets/tthien/shanghaitech/ShanghaiTech/part_B/test_data/ground-truth/GT_IMG_12.mat,768,1024,513,0,test
13,test,/kaggle/input/datasets/tthien/shanghaitech/ShanghaiTech/part_B/test_data/images/IMG_13.jpg,/kaggle/input/datasets/tthien/shanghaitech/ShanghaiTech/part_B/test_data/ground-truth/GT_IMG_13.mat,768,1024,48,0,test
14,test,/kaggle/input/datasets/tthien/shanghaitech/ShanghaiTech/part_B/test_data/images/IMG_14.jpg,/kaggle/input/datasets/tthien/shanghaitech/ShanghaiTech/part_B/test_data/ground-truth/GT_IMG_14.mat,768,1024,29,0,test
15,test,/kaggle/input/datasets/tthien/shanghaitech/ShanghaiTech/part_B/test_data/images/IMG_15.jpg,/kaggle/input/datasets/tthien/shanghaitech/ShanghaiTech/part_B/test_data/ground-truth/GT_IMG_15.mat,768,1024,57,0,test
16,test,/kaggle/input/datasets/tthien/shanghaitech/ShanghaiTech/part_B/test_data/images/IMG_16.jpg,/kaggle/input/datasets/tthien/shanghaitech/ShanghaiTech/part_B/test_data/ground-truth/GT_IMG_16.mat,768,1024,92,0,test
17,test,/kaggle/input/datasets/tthien/shanghaitech/ShanghaiTech/part_B/test_data/images/IMG_17.jpg,/kaggle/input/datasets/tthien/shanghaitech/ShanghaiTech/part_B/test_data/ground-truth/GT_IMG_17.mat,768,1024,71,0,test
18,test,/kaggle/input/datasets/tthien/shanghaitech/ShanghaiTech/part_B/test_data/images/IMG_18.jpg,/kaggle/input/datasets/tthien/shanghaitech/ShanghaiTech/part_B/test_data/ground-truth/GT_IMG_18.mat,768,1024,235,0,test
19,test,/kaggle/input/datasets/tthien/shanghaitech/ShanghaiTech/part_B/test_data/images/IMG_19.jpg,/kaggle/input/datasets/tthien/shanghaitech/ShanghaiTech/part_B/test_data/ground-truth/GT_IMG_19.mat,768,1024,277,0,test
20,test,/kaggle/input/datasets/tthien/shanghaitech/ShanghaiTech/part_B/test_data/images/IMG_20.jpg,/kaggle/input/datasets/tthien/shanghaitech/ShanghaiTech/part_B/test_data/ground-truth/GT_IMG_20.mat,768,1024,15,0,test
21,test,/kaggle/input/datasets/tthien/shanghaitech/ShanghaiTech/part_B/test_data/images/IMG_21.jpg,/kaggle/input/datasets/tthien/shanghaitech/ShanghaiTech/part_B/test_data/ground-truth/GT_IMG_21.mat,768,1024,89,0,test
22,test,/kaggle/input/datasets/tthien/shanghaitech/ShanghaiTech/part_B/test_data/images/IMG_22.jpg,/kaggle/input/datasets/tthien/shanghaitech/ShanghaiTech/part_B/test_data/ground-truth/GT_IMG_22.mat,768,1024,300,0,test
23,test,/kaggle/input/datasets/tthien/shanghaitech/ShanghaiTech/part_B/test_data/images/IMG_23.jpg,/kaggle/input/datasets/tthien/shanghaitech/ShanghaiTech/part_B/test_data/ground-truth/GT_IMG_23.mat,768,1024,240,0,test
24,test,/kaggle/input/datasets/tthien/shanghaitech/ShanghaiTech/part_B/test_data/images/IMG_24.jpg,/kaggle/input/datasets/tthien/shanghaitech/ShanghaiTech/part_B/test_data/ground-truth/GT_IMG_24.mat,768,1024,79,0,test
25,test,/kaggle/input/datasets/tthien/shanghaitech/ShanghaiTech/part_B/test_data/images/IMG_25.jpg,/kaggle/input/datasets/tthien/shanghaitech/ShanghaiTech/part_B/test_data/ground-truth/GT_IMG_25.mat,768,1024,216,0,test
26,test,/kaggle/input/datasets/tthien/shanghaitech/ShanghaiTech/part_B/test_data/images/IMG_26.jpg,/kaggle/input/datasets/tthien/shanghaitech/ShanghaiTech/part_B/test_data/ground-truth/GT_IMG_26.mat,768,1024,38,0,test
27,test,/kaggle/input/datasets/tthien/shanghaitech/ShanghaiTech/part_B/test_data/images/IMG_27.jpg,/kaggle/input/datasets/tthien/shanghaitech/ShanghaiTech/part_B/test_data/ground-truth/GT_IMG_27.mat,768,1024,207,0,test
28,test,/kaggle/input/datasets/tthien/shanghaitech/ShanghaiTech/part_B/test_data/images/IMG_28.jpg,/kaggle/input/datasets/tthien/shanghaitech/ShanghaiTech/part_B/test_data/ground-truth/GT_IMG_28.mat,768,1024,61,0,test
29,test,/kaggle/input/datasets/tthien/shanghaitech/ShanghaiTech/part_B/test_data/images/IMG_29.jpg,/kaggle/input/datasets/tthien/shanghaitech/ShanghaiTech/part_B/test_data/ground-truth/GT_IMG_29.mat,768,1024,92,0,test
30,test,/kaggle/input/datasets/tthien/shanghaitech/ShanghaiTech/part_B/test_data/images/IMG_30.jpg,/kaggle/input/datasets/tthien/shanghaitech/ShanghaiTech/part_B/test_data/ground-truth/GT_IMG_30.mat,768,1024,51,0,test
31,test,/kaggle/input/datasets/tthien/shanghaitech/ShanghaiTech/part_B/test_data/images/IMG_31.jpg,/kaggle/input/datasets/tthien/shanghaitech/ShanghaiTech/part_B/test_data/ground-truth/GT_IMG_31.mat,768,1024,176,0,test
32,test,/kaggle/input/datasets/tthien/shanghaitech/ShanghaiTech/part_B/test_data/images/IMG_32.jpg,/kaggle/input/datasets/tthien/shanghaitech/ShanghaiTech/part_B/test_data/ground-truth/GT_IMG_32.mat,768,1024,44,0,test
33,test,/kaggle/input/datasets/tthien/shanghaitech/ShanghaiTech/part_B/test_data/images/IMG_33.jpg,/kaggle/input/datasets/tthien/shanghaitech/ShanghaiTech/part_B/test_data/ground-truth/GT_IMG_33.mat,768,1024,198,0,test
34,test,/kaggle/input/datasets/tthien/shanghaitech/ShanghaiTech/part_B/test_data/images/IMG_34.jpg,/kaggle/input/datasets/tthien/shanghaitech/ShanghaiTech/part_B/test_data/ground-truth/GT_IMG_34.mat,768,1024,41,0,test
35,test,/kaggle/input/datasets/tthien/shanghaitech/ShanghaiTech/part_B/test_data/images/IMG_35.jpg,/kaggle/input/datasets/tthien/shanghaitech/ShanghaiTech/part_B/test_data/ground-truth/GT_IMG_35.mat,768,1024,166,0,test
36,test,/kaggle/input/datasets/tthien/shanghaitech/ShanghaiTech/part_B/test_data/images/IMG_36.jpg,/kaggle/input/datasets/tthien/shanghaitech/ShanghaiTech/part_B/test_data/ground-truth/GT_IMG_36.mat,768,1024,156,0,test
37,test,/kaggle/input/datasets/tthien/shanghaitech/ShanghaiTech/part_B/test_data/images/IMG_37.jpg,/kaggle/input/datasets/tthien/shanghaitech/ShanghaiTech/part_B/test_data/ground-truth/GT_IMG_37.mat,768,1024,42,0,test
38,test,/kaggle/input/datasets/tthien/shanghaitech/ShanghaiTech/part_B/test_data/images/IMG_38.jpg,/kaggle/input/datasets/tthien/shanghaitech/ShanghaiTech/part_B/test_data/ground-truth/GT_IMG_38.mat,768,1024,89,0,test
39,test,/kaggle/input/datasets/tthien/shanghaitech/ShanghaiTech/part_B/test_data/images/IMG_39.jpg,/kaggle/input/datasets/tthien/shanghaitech/ShanghaiTech/part_B/test_data/ground-truth/GT_IMG_39.mat,768,1024,48,0,test
40,test,/kaggle/input/datasets/tthien/shanghaitech/ShanghaiTech/part_B/test_data/images/IMG_40.jpg,/kaggle/input/datasets/tthien/shanghaitech/ShanghaiTech/part_B/test_data/ground-truth/GT_IMG_40.mat,768,1024,331,0,test
41,test,/kaggle/input/datasets/tthien/shanghaitech/ShanghaiTech/part_B/test_data/images/IMG_41.jpg,/kaggle/input/datasets/tthien/shanghaitech/ShanghaiTech/part_B/test_data/ground-truth/GT_IMG_41.mat,768,1024,31,0,test
42,test,/kaggle/input/datasets/tthien/shanghaitech/ShanghaiTech/part_B/test_data/images/IMG_42.jpg,/kaggle/input/datasets/tthien/shanghaitech/ShanghaiTech/part_B/test_data/ground-truth/GT_IMG_42.mat,768,1024,41,0,test
43,test,/kaggle/input/datasets/tthien/shanghaitech/ShanghaiTech/part_B/test_data/images/IMG_43.jpg,/kaggle/input/datasets/tthien/shanghaitech/ShanghaiTech/part_B/test_data/ground-truth/GT_IMG_43.mat,768,1024,106,0,test
44,test,/kaggle/input/datasets/tthien/shanghaitech/ShanghaiTech/part_B/test_data/images/IMG_44.jpg,/kaggle/input/datasets/tthien/shanghaitech/ShanghaiTech/part_B/test_data/ground-truth/GT_IMG_44.mat,768,1024,28,0,test
45,test,/kaggle/input/datasets/tthien/shanghaitech/ShanghaiTech/part_B/test_data/images/IMG_45.jpg,/kaggle/input/datasets/tthien/shanghaitech/ShanghaiTech/part_B/test_data/ground-truth/GT_IMG_45.mat,768,1024,158,0,test
46,test,/kaggle/input/datasets/tthien/shanghaitech/ShanghaiTech/part_B/test_data/images/IMG_46.jpg,/kaggle/input/datasets/tthien/shanghaitech/ShanghaiTech/part_B/test_data/ground-truth/GT_IMG_46.mat,768,1024,90,0,test
47,test,/kaggle/input/datasets/tthien/shanghaitech/ShanghaiTech/part_B/test_data/images/IMG_47.jpg,/kaggle/input/datasets/tthien/shanghaitech/ShanghaiTech/part_B/test_data/ground-truth/GT_IMG_47.mat,768,1024,72,0,test
48,test,/kaggle/input/datasets/tthien/shanghaitech/ShanghaiTech/part_B/test_data/images/IMG_48.jpg,/kaggle/input/datasets/tthien/shanghaitech/ShanghaiTech/part_B/test_data/ground-truth/GT_IMG_48.mat,768,1024,84,0,test
49,test,/kaggle/input/datasets/tthien/shanghaitech/ShanghaiTech/part_B/test_data/images/IMG_49.jpg,/kaggle/input/datasets/tthien/shanghaitech/ShanghaiTech/part_B/test_data/ground-truth/GT_IMG_49.mat,768,1024,35,0,test
50,test,/kaggle/input/datasets/tthien/shanghaitech/ShanghaiTech/part_B/test_data/images/IMG_50.jpg,/kaggle/input/datasets/tthien/shanghaitech/ShanghaiTech/part_B/test_data/ground-truth/GT_IMG_50.mat,768,1024,265,0,test
51,test,/kaggle/input/datasets/tthien/shanghaitech/ShanghaiTech/part_B/test_data/images/IMG_51.jpg,/kaggle/input/datasets/tthien/shanghaitech/ShanghaiTech/part_B/test_data/ground-truth/GT_IMG_51.mat,768,1024,190,0,test
52,test,/kaggle/input/datasets/tthien/shanghaitech/ShanghaiTech/part_B/test_data/images/IMG_52.jpg,/kaggle/input/datasets/tthien/shanghaitech/ShanghaiTech/part_B/test_data/ground-truth/GT_IMG_52.mat,768,1024,26,0,test
53,test,/kaggle/input/datasets/tthien/shanghaitech/ShanghaiTech/part_B/test_data/images/IMG_53.jpg,/kaggle/input/datasets/tthien/shanghaitech/ShanghaiTech/part_B/test_data/ground-truth/GT_IMG_53.mat,768,1024,48,0,test
54,test,/kaggle/input/datasets/tthien/shanghaitech/ShanghaiTech/part_B/test_data/images/IMG_54.jpg,/kaggle/input/datasets/tthien/shanghaitech/ShanghaiTech/part_B/test_data/ground-truth/GT_IMG_54.mat,768,1024,60,0,test
55,test,/kaggle/input/datasets/tthien/shanghaitech/ShanghaiTech/part_B/test_data/images/IMG_55.jpg,/kaggle/input/datasets/tthien/shanghaitech/ShanghaiTech/part_B/test_data/ground-truth/GT_IMG_55.mat,768,1024,195,0,test
56,test,/kaggle/input/datasets/tthien/shanghaitech/ShanghaiTech/part_B/test_data/images/IMG_56.jpg,/kaggle/input/datasets/tthien/shanghaitech/ShanghaiTech/part_B/test_data/ground-truth/GT_IMG_56.mat,768,1024,79,0,test
57,test,/kaggle/input/datasets/tthien/shanghaitech/ShanghaiTech/part_B/test_data/images/IMG_57.jpg,/kaggle/input/datasets/tthien/shanghaitech/ShanghaiTech/part_B/test_data/ground-truth/GT_IMG_57.mat,768,1024,79,0,test
58,test,/kaggle/input/datasets/tthien/shanghaitech/ShanghaiTech/part_B/test_data/images/IMG_58.jpg,/kaggle/input/datasets/tthien/shanghaitech/ShanghaiTech/part_B/test_data/ground-truth/GT_IMG_58.mat,768,1024,96,0,test
59,test,/kaggle/input/datasets/tthien/shanghaitech/ShanghaiTech/part_B/test_data/images/IMG_59.jpg,/kaggle/input/datasets/tthien/shanghaitech/ShanghaiTech/part_B/test_data/ground-truth/GT_IMG_59.mat,768,1024,48,0,test
60,test,/kaggle/input/datasets/tthien/shanghaitech/ShanghaiTech/part_B/test_data/images/IMG_60.jpg,/kaggle/input/datasets/tthien/shanghaitech/ShanghaiTech/part_B/test_data/ground-truth/GT_IMG_60.mat,768,1024,34,0,test
61,test,/kaggle/input/datasets/tthien/shanghaitech/ShanghaiTech/part_B/test_data/images/IMG_61.jpg,/kaggle/input/datasets/tthien/shanghaitech/ShanghaiTech/part_B/test_data/ground-truth/GT_IMG_61.mat,768,1024,412,0,test
62,test,/kaggle/input/datasets/tthien/shanghaitech/ShanghaiTech/part_B/test_data/images/IMG_62.jpg,/kaggle/input/datasets/tthien/shanghaitech/ShanghaiTech/part_B/test_data/ground-truth/GT_IMG_62.mat,768,1024,174,0,test
63,test,/kaggle/input/datasets/tthien/shanghaitech/ShanghaiTech/part_B/test_data/images/IMG_63.jpg,/kaggle/input/datasets/tthien/shanghaitech/ShanghaiTech/part_B/test_data/ground-truth/GT_IMG_63.mat,768,1024,60,0,test
64,test,/kaggle/input/datasets/tthien/shanghaitech/ShanghaiTech/part_B/test_data/images/IMG_64.jpg,/kaggle/input/datasets/tthien/shanghaitech/ShanghaiTech/part_B/test_data/ground-truth/GT_IMG_64.mat,768,1024,50,0,test
65,test,/kaggle/input/datasets/tthien/shanghaitech/ShanghaiTech/part_B/test_data/images/IMG_65.jpg,/kaggle/input/datasets/tthien/shanghaitech/ShanghaiTech/part_B/test_data/ground-truth/GT_IMG_65.mat,768,1024,236,0,test
66,test,/kaggle/input/datasets/tthien/shanghaitech/ShanghaiTech/part_B/test_data/images/IMG_66.jpg,/kaggle/input/datasets/tthien/shanghaitech/ShanghaiTech/part_B/test_data/ground-truth/GT_IMG_66.mat,768,1024,176,0,test
67,test,/kaggle/input/datasets/tthien/shanghaitech/ShanghaiTech/part_B/test_data/images/IMG_67.jpg,/kaggle/input/datasets/tthien/shanghaitech/ShanghaiTech/part_B/test_data/ground-truth/GT_IMG_67.mat,768,1024,108,0,test
68,test,/kaggle/input/datasets/tthien/shanghaitech/ShanghaiTech/part_B/test_data/images/IMG_68.jpg,/kaggle/input/datasets/tthien/shanghaitech/ShanghaiTech/part_B/test_data/ground-truth/GT_IMG_68.mat,768,1024,59,0,test
69,test,/kaggle/input/datasets/tthien/shanghaitech/ShanghaiTech/part_B/test_data/images/IMG_69.jpg,/kaggle/input/datasets/tthien/shanghaitech/ShanghaiTech/part_B/test_data/ground-truth/GT_IMG_69.mat,768,1024,94,0,test
70,test,/kaggle/input/datasets/tthien/shanghaitech/ShanghaiTech/part_B/test_data/images/IMG_70.jpg,/kaggle/input/datasets/tthien/shanghaitech/ShanghaiTech/part_B/test_data/ground-truth/GT_IMG_70.mat,768,1024,48,0,test
71,test,/kaggle/input/datasets/tthien/shanghaitech/ShanghaiTech/part_B/test_data/images/IMG_71.jpg,/kaggle/input/datasets/tthien/shanghaitech/ShanghaiTech/part_B/test_data/ground-truth/GT_IMG_71.mat,768,1024,191,0,test
72,test,/kaggle/input/datasets/tthien/shanghaitech/ShanghaiTech/part_B/test_data/images/IMG_72.jpg,/kaggle/input/datasets/tthien/shanghaitech/ShanghaiTech/part_B/test_data/ground-truth/GT_IMG_72.mat,768,1024,54,0,test
73,test,/kaggle/input/datasets/tthien/shanghaitech/ShanghaiTech/part_B/test_data/images/IMG_73.jpg,/kaggle/input/datasets/tthien/shanghaitech/ShanghaiTech/part_B/test_data/ground-truth/GT_IMG_73.mat,768,1024,91,0,test
74,test,/kaggle/input/datasets/tthien/shanghaitech/ShanghaiTech/part_B/test_data/images/IMG_74.jpg,/kaggle/input/datasets/tthien/shanghaitech/ShanghaiTech/part_B/test_data/ground-truth/GT_IMG_74.mat,768,1024,261,0,test
75,test,/kaggle/input/datasets/tthien/shanghaitech/ShanghaiTech/part_B/test_data/images/IMG_75.jpg,/kaggle/input/datasets/tthien/shanghaitech/ShanghaiTech/part_B/test_data/ground-truth/GT_IMG_75.mat,768,1024,539,0,test
76,test,/kaggle/input/datasets/tthien/shanghaitech/ShanghaiTech/part_B/test_data/images/IMG_76.jpg,/kaggle/input/datasets/tthien/shanghaitech/ShanghaiTech/part_B/test_data/ground-truth/GT_IMG_76.mat,768,1024,123,0,test
77,test,/kaggle/input/datasets/tthien/shanghaitech/ShanghaiTech/part_B/test_data/images/IMG_77.jpg,/kaggle/input/datasets/tthien/shanghaitech/ShanghaiTech/part_B/test_data/ground-truth/GT_IMG_77.mat,768,1024,213,0,test
78,test,/kaggle/input/datasets/tthien/shanghaitech/ShanghaiTech/part_B/test_data/images/IMG_78.jpg,/kaggle/input/datasets/tthien/shanghaitech/ShanghaiTech/part_B/test_data/ground-truth/GT_IMG_78.mat,768,1024,282,0,test
79,test,/kaggle/input/datasets/tthien/shanghaitech/ShanghaiTech/part_B/test_data/images/IMG_79.jpg,/kaggle/input/datasets/tthien/shanghaitech/ShanghaiTech/part_B/test_data/ground-truth/GT_IMG_79.mat,768,1024,90,0,test
80,test,/kaggle/input/datasets/tthien/shanghaitech/ShanghaiTech/part_B/test_data/images/IMG_80.jpg,/kaggle/input/datasets/tthien/shanghaitech/ShanghaiTech/part_B/test_data/ground-truth/GT_IMG_80.mat,768,1024,470,0,test
81,test,/kaggle/input/datasets/tthien/shanghaitech/ShanghaiTech/part_B/test_data/images/IMG_81.jpg,/kaggle/input/datasets/tthien/shanghaitech/ShanghaiTech/part_B/test_data/ground-truth/GT_IMG_81.mat,768,1024,129,0,test
82,test,/kaggle/input/datasets/tthien/shanghaitech/ShanghaiTech/part_B/test_data/images/IMG_82.jpg,/kaggle/input/datasets/tthien/shanghaitech/ShanghaiTech/part_B/test_data/ground-truth/GT_IMG_82.mat,768,1024,44,0,test
83,test,/kaggle/input/datasets/tthien/shanghaitech/ShanghaiTech/part_B/test_data/images/IMG_83.jpg,/kaggle/input/datasets/tthien/shanghaitech/ShanghaiTech/part_B/test_data/ground-truth/GT_IMG_83.mat,768,1024,57,0,test
84,test,/kaggle/input/datasets/tthien/shanghaitech/ShanghaiTech/part_B/test_data/images/IMG_84.jpg,/kaggle/input/datasets/tthien/shanghaitech/ShanghaiTech/part_B/test_data/ground-truth/GT_IMG_84.mat,768,1024,54,0,test
85,test,/kaggle/input/datasets/tthien/shanghaitech/ShanghaiTech/part_B/test_data/images/IMG_85.jpg,/kaggle/input/datasets/tthien/shanghaitech/ShanghaiTech/part_B/test_data/ground-truth/GT_IMG_85.mat,768,1024,59,0,test
86,test,/kaggle/input/datasets/tthien/shanghaitech/ShanghaiTech/part_B/test_data/images/IMG_86.jpg,/kaggle/input/datasets/tthien/shanghaitech/ShanghaiTech/part_B/test_data/ground-truth/GT_IMG_86.mat,768,1024,54,0,test
87,test,/kaggle/input/datasets/tthien/shanghaitech/ShanghaiTech/part_B/test_data/images/IMG_87.jpg,/kaggle/input/datasets/tthien/shanghaitech/ShanghaiTech/part_B/test_data/ground-truth/GT_IMG_87.mat,768,1024,54,0,test
88,test,/kaggle/input/datasets/tthien/shanghaitech/ShanghaiTech/part_B/test_data/images/IMG_88.jpg,/kaggle/input/datasets/tthien/shanghaitech/ShanghaiTech/part_B/test_data/ground-truth/GT_IMG_88.mat,768,1024,163,0,test
89,test,/kaggle/input/datasets/tthien/shanghaitech/ShanghaiTech/part_B/test_data/images/IMG_89.jpg,/kaggle/input/datasets/tthien/shanghaitech/ShanghaiTech/part_B/test_data/ground-truth/GT_IMG_89.mat,768,1024,23,0,test
90,test,/kaggle/input/datasets/tthien/shanghaitech/ShanghaiTech/part_B/test_data/images/IMG_90.jpg,/kaggle/input/datasets/tthien/shanghaitech/ShanghaiTech/part_B/test_data/ground-truth/GT_IMG_90.mat,768,1024,195,0,test
91,test,/kaggle/input/datasets/tthien/shanghaitech/ShanghaiTech/part_B/test_data/images/IMG_91.jpg,/kaggle/input/datasets/tthien/shanghaitech/ShanghaiTech/part_B/test_data/ground-truth/GT_IMG_91.mat,768,1024,92,0,test
92,test,/kaggle/input/datasets/tthien/shanghaitech/ShanghaiTech/part_B/test_data/images/IMG_92.jpg,/kaggle/input/datasets/tthien/shanghaitech/ShanghaiTech/part_B/test_data/ground-truth/GT_IMG_92.mat,768,1024,63,0,test
93,test,/kaggle/input/datasets/tthien/shanghaitech/ShanghaiTech/part_B/test_data/images/IMG_93.jpg,/kaggle/input/datasets/tthien/shanghaitech/ShanghaiTech/part_B/test_data/ground-truth/GT_IMG_93.mat,768,1024,217,0,test
94,test,/kaggle/input/datasets/tthien/shanghaitech/ShanghaiTech/part_B/test_data/images/IMG_94.jpg,/kaggle/input/datasets/tthien/shanghaitech/ShanghaiTech/part_B/test_data/ground-truth/GT_IMG_94.mat,768,1024,52,0,test
95,test,/kaggle/input/datasets/tthien/shanghaitech/ShanghaiTech/part_B/test_data/images/IMG_95.jpg,/kaggle/input/datasets/tthien/shanghaitech/ShanghaiTech/part_B/test_data/ground-truth/GT_IMG_95.mat,768,1024,48,0,test
96,test,/kaggle/input/datasets/tthien/shanghaitech/ShanghaiTech/part_B/test_data/images/IMG_96.jpg,/kaggle/input/datasets/tthien/shanghaitech/ShanghaiTech/part_B/test_data/ground-truth/GT_IMG_96.mat,768,1024,211,0,test
97,test,/kaggle/input/datasets/tthien/shanghaitech/ShanghaiTech/part_B/test_data/images/IMG_97.jpg,/kaggle/input/datasets/tthien/shanghaitech/ShanghaiTech/part_B/test_data/ground-truth/GT_IMG_97.mat,768,1024,107,0,test
98,test,/kaggle/input/datasets/tthien/shanghaitech/ShanghaiTech/part_B/test_data/images/IMG_98.jpg,/kaggle/input/datasets/tthien/shanghaitech/ShanghaiTech/part_B/test_data/ground-truth/GT_IMG_98.mat,768,1024,249,0,test
99,test,/kaggle/input/datasets/tthien/shanghaitech/ShanghaiTech/part_B/test_data/images/IMG_99.jpg,/kaggle/input/datasets/tthien/shanghaitech/ShanghaiTech/part_B/test_data/ground-truth/GT_IMG_99.mat,768,1024,113,0,test
100,test,/kaggle/input/datasets/tthien/shanghaitech/ShanghaiTech/part_B/test_data/images/IMG_100.jpg,/kaggle/input/datasets/tthien/shanghaitech/ShanghaiTech/part_B/test_data/ground-truth/GT_IMG_100.mat,768,1024,157,0,test
101,test,/kaggle/input/datasets/tthien/shanghaitech/ShanghaiTech/part_B/test_data/images/IMG_101.jpg,/kaggle/input/datasets/tthien/shanghaitech/ShanghaiTech/part_B/test_data/ground-truth/GT_IMG_101.mat,768,1024,37,0,test
102,test,/kaggle/input/datasets/tthien/shanghaitech/ShanghaiTech/part_B/test_data/images/IMG_102.jpg,/kaggle/input/datasets/tthien/shanghaitech/ShanghaiTech/part_B/test_data/ground-truth/GT_IMG_102.mat,768,1024,70,0,test
103,test,/kaggle/input/datasets/tthien/shanghaitech/ShanghaiTech/part_B/test_data/images/IMG_103.jpg,/kaggle/input/datasets/tthien/shanghaitech/ShanghaiTech/part_B/test_data/ground-truth/GT_IMG_103.mat,768,1024,57,0,test
104,test,/kaggle/input/datasets/tthien/shanghaitech/ShanghaiTech/part_B/test_data/images/IMG_104.jpg,/kaggle/input/datasets/tthien/shanghaitech/ShanghaiTech/part_B/test_data/ground-truth/GT_IMG_104.mat,768,1024,44,0,test
105,test,/kaggle/input/datasets/tthien/shanghaitech/ShanghaiTech/part_B/test_data/images/IMG_105.jpg,/kaggle/input/datasets/tthien/shanghaitech/ShanghaiTech/part_B/test_data/ground-truth/GT_IMG_105.mat,768,1024,227,0,test
106,test,/kaggle/input/datasets/tthien/shanghaitech/ShanghaiTech/part_B/test_data/images/IMG_106.jpg,/kaggle/input/datasets/tthien/shanghaitech/ShanghaiTech/part_B/test_data/ground-truth/GT_IMG_106.mat,768,1024,165,0,test
107,test,/kaggle/input/datasets/tthien/shanghaitech/ShanghaiTech/part_B/test_data/images/IMG_107.jpg,/kaggle/input/datasets/tthien/shanghaitech/ShanghaiTech/part_B/test_data/ground-truth/GT_IMG_107.mat,768,1024,476,0,test
108,test,/kaggle/input/datasets/tthien/shanghaitech/ShanghaiTech/part_B/test_data/images/IMG_108.jpg,/kaggle/input/datasets/tthien/shanghaitech/ShanghaiTech/part_B/test_data/ground-truth/GT_IMG_108.mat,768,1024,139,0,test
109,test,/kaggle/input/datasets/tthien/shanghaitech/ShanghaiTech/part_B/test_data/images/IMG_109.jpg,/kaggle/input/datasets/tthien/shanghaitech/ShanghaiTech/part_B/test_data/ground-truth/GT_IMG_109.mat,768,1024,316,0,test
110,test,/kaggle/input/datasets/tthien/shanghaitech/ShanghaiTech/part_B/test_data/images/IMG_110.jpg,/kaggle/input/datasets/tthien/shanghaitech/ShanghaiTech/part_B/test_data/ground-truth/GT_IMG_110.mat,768,1024,110,0,test
111,test,/kaggle/input/datasets/tthien/shanghaitech/ShanghaiTech/part_B/test_data/images/IMG_111.jpg,/kaggle/input/datasets/tthien/shanghaitech/ShanghaiTech/part_B/test_data/ground-truth/GT_IMG_111.mat,768,1024,20,0,test
112,test,/kaggle/input/datasets/tthien/shanghaitech/ShanghaiTech/part_B/test_data/images/IMG_112.jpg,/kaggle/input/datasets/tthien/shanghaitech/ShanghaiTech/part_B/test_data/ground-truth/GT_IMG_112.mat,768,1024,131,0,test
113,test,/kaggle/input/datasets/tthien/shanghaitech/ShanghaiTech/part_B/test_data/images/IMG_113.jpg,/kaggle/input/datasets/tthien/shanghaitech/ShanghaiTech/part_B/test_data/ground-truth/GT_IMG_113.mat,768,1024,48,0,test
114,test,/kaggle/input/datasets/tthien/shanghaitech/ShanghaiTech/part_B/test_data/images/IMG_114.jpg,/kaggle/input/datasets/tthien/shanghaitech/ShanghaiTech/part_B/test_data/ground-truth/GT_IMG_114.mat,768,1024,183,0,test
115,test,/kaggle/input/datasets/tthien/shanghaitech/ShanghaiTech/part_B/test_data/images/IMG_115.jpg,/kaggle/input/datasets/tthien/shanghaitech/ShanghaiTech/part_B/test_data/ground-truth/GT_IMG_115.mat,768,1024,101,0,test
116,test,/kaggle/input/datasets/tthien/shanghaitech/ShanghaiTech/part_B/test_data/images/IMG_116.jpg,/kaggle/input/datasets/tthien/shanghaitech/ShanghaiTech/part_B/test_data/ground-truth/GT_IMG_116.mat,768,1024,204,0,test
117,test,/kaggle/input/datasets/tthien/shanghaitech/ShanghaiTech/part_B/test_data/images/IMG_117.jpg,/kaggle/input/datasets/tthien/shanghaitech/ShanghaiTech/part_B/test_data/ground-truth/GT_IMG_117.mat,768,1024,40,0,test
118,test,/kaggle/input/datasets/tthien/shanghaitech/ShanghaiTech/part_B/test_data/images/IMG_118.jpg,/kaggle/input/datasets/tthien/shanghaitech/ShanghaiTech/part_B/test_data/ground-truth/GT_IMG_118.mat,768,1024,143,0,test
119,test,/kaggle/input/datasets/tthien/shanghaitech/ShanghaiTech/part_B/test_data/images/IMG_119.jpg,/kaggle/input/datasets/tthien/shanghaitech/ShanghaiTech/part_B/test_data/ground-truth/GT_IMG_119.mat,768,1024,146,0,test
120,test,/kaggle/input/datasets/tthien/shanghaitech/ShanghaiTech/part_B/test_data/images/IMG_120.jpg,/kaggle/input/datasets/tthien/shanghaitech/ShanghaiTech/part_B/test_data/ground-truth/GT_IMG_120.mat,768,1024,70,0,test
121,test,/kaggle/input/datasets/tthien/shanghaitech/ShanghaiTech/part_B/test_data/images/IMG_121.jpg,/kaggle/input/datasets/tthien/shanghaitech/ShanghaiTech/part_B/test_data/ground-truth/GT_IMG_121.mat,768,1024,175,0,test
122,test,/kaggle/input/datasets/tthien/shanghaitech/ShanghaiTech/part_B/test_data/images/IMG_122.jpg,/kaggle/input/datasets/tthien/shanghaitech/ShanghaiTech/part_B/test_data/ground-truth/GT_IMG_122.mat,768,1024,51,0,test
123,test,/kaggle/input/datasets/tthien/shanghaitech/ShanghaiTech/part_B/test_data/images/IMG_123.jpg,/kaggle/input/datasets/tthien/shanghaitech/ShanghaiTech/part_B/test_data/ground-truth/GT_IMG_123.mat,768,1024,55,0,test
124,test,/kaggle/input/datasets/tthien/shanghaitech/ShanghaiTech/part_B/test_data/images/IMG_124.jpg,/kaggle/input/datasets/tthien/shanghaitech/ShanghaiTech/part_B/test_data/ground-truth/GT_IMG_124.mat,768,1024,67,0,test
125,test,/kaggle/input/datasets/tthien/shanghaitech/ShanghaiTech/part_B/test_data/images/IMG_125.jpg,/kaggle/input/datasets/tthien/shanghaitech/ShanghaiTech/part_B/test_data/ground-truth/GT_IMG_125.mat,768,1024,72,0,test
126,test,/kaggle/input/datasets/tthien/shanghaitech/ShanghaiTech/part_B/test_data/images/IMG_126.jpg,/kaggle/input/datasets/tthien/shanghaitech/ShanghaiTech/part_B/test_data/ground-truth/GT_IMG_126.mat,768,1024,56,0,test
127,test,/kaggle/input/datasets/tthien/shanghaitech/ShanghaiTech/part_B/test_data/images/IMG_127.jpg,/kaggle/input/datasets/tthien/shanghaitech/ShanghaiTech/part_B/test_data/ground-truth/GT_IMG_127.mat,768,1024,165,0,test
128,test,/kaggle/input/datasets/tthien/shanghaitech/ShanghaiTech/part_B/test_data/images/IMG_128.jpg,/kaggle/input/datasets/tthien/shanghaitech/ShanghaiTech/part_B/test_data/ground-truth/GT_IMG_128.mat,768,1024,32,0,test
129,test,/kaggle/input/datasets/tthien/shanghaitech/ShanghaiTech/part_B/test_data/images/IMG_129.jpg,/kaggle/input/datasets/tthien/shanghaitech/ShanghaiTech/part_B/test_data/ground-truth/GT_IMG_129.mat,768,1024,149,0,test
130,test,/kaggle/input/datasets/tthien/shanghaitech/ShanghaiTech/part_B/test_data/images/IMG_130.jpg,/kaggle/input/datasets/tthien/shanghaitech/ShanghaiTech/part_B/test_data/ground-truth/GT_IMG_130.mat,768,1024,80,0,test
131,test,/kaggle/input/datasets/tthien/shanghaitech/ShanghaiTech/part_B/test_data/images/IMG_131.jpg,/kaggle/input/datasets/tthien/shanghaitech/ShanghaiTech/part_B/test_data/ground-truth/GT_IMG_131.mat,768,1024,117,0,test
132,test,/kaggle/input/datasets/tthien/shanghaitech/ShanghaiTech/part_B/test_data/images/IMG_132.jpg,/kaggle/input/datasets/tthien/shanghaitech/ShanghaiTech/part_B/test_data/ground-truth/GT_IMG_132.mat,768,1024,162,0,test
133,test,/kaggle/input/datasets/tthien/shanghaitech/ShanghaiTech/part_B/test_data/images/IMG_133.jpg,/kaggle/input/datasets/tthien/shanghaitech/ShanghaiTech/part_B/test_data/ground-truth/GT_IMG_133.mat,768,1024,137,0,test
134,test,/kaggle/input/datasets/tthien/shanghaitech/ShanghaiTech/part_B/test_data/images/IMG_134.jpg,/kaggle/input/datasets/tthien/shanghaitech/ShanghaiTech/part_B/test_data/ground-truth/GT_IMG_134.mat,768,1024,120,0,test
135,test,/kaggle/input/datasets/tthien/shanghaitech/ShanghaiTech/part_B/test_data/images/IMG_135.jpg,/kaggle/input/datasets/tthien/shanghaitech/ShanghaiTech/part_B/test_data/ground-truth/GT_IMG_135.mat,768,1024,72,0,test
136,test,/kaggle/input/datasets/tthien/shanghaitech/ShanghaiTech/part_B/test_data/images/IMG_136.jpg,/kaggle/input/datasets/tthien/shanghaitech/ShanghaiTech/part_B/test_data/ground-truth/GT_IMG_136.mat,768,1024,122,0,test
137,test,/kaggle/input/datasets/tthien/shanghaitech/ShanghaiTech/part_B/test_data/images/IMG_137.jpg,/kaggle/input/datasets/tthien/shanghaitech/ShanghaiTech/part_B/test_data/ground-truth/GT_IMG_137.mat,768,1024,198,0,test
138,test,/kaggle/input/datasets/tthien/shanghaitech/ShanghaiTech/part_B/test_data/images/IMG_138.jpg,/kaggle/input/datasets/tthien/shanghaitech/ShanghaiTech/part_B/test_data/ground-truth/GT_IMG_138.mat,768,1024,133,0,test
139,test,/kaggle/input/datasets/tthien/shanghaitech/ShanghaiTech/part_B/test_data/images/IMG_139.jpg,/kaggle/input/datasets/tthien/shanghaitech/ShanghaiTech/part_B/test_data/ground-truth/GT_IMG_139.mat,768,1024,147,0,test
140,test,/kaggle/input/datasets/tthien/shanghaitech/ShanghaiTech/part_B/test_data/images/IMG_140.jpg,/kaggle/input/datasets/tthien/shanghaitech/ShanghaiTech/part_B/test_data/ground-truth/GT_IMG_140.mat,768,1024,70,0,test
141,test,/kaggle/input/datasets/tthien/shanghaitech/ShanghaiTech/part_B/test_data/images/IMG_141.jpg,/kaggle/input/datasets/tthien/shanghaitech/ShanghaiTech/part_B/test_data/ground-truth/GT_IMG_141.mat,768,1024,35,0,test
142,test,/kaggle/input/datasets/tthien/shanghaitech/ShanghaiTech/part_B/test_data/images/IMG_142.jpg,/kaggle/input/datasets/tthien/shanghaitech/ShanghaiTech/part_B/test_data/ground-truth/GT_IMG_142.mat,768,1024,24,0,test
143,test,/kaggle/input/datasets/tthien/shanghaitech/ShanghaiTech/part_B/test_data/images/IMG_143.jpg,/kaggle/input/datasets/tthien/shanghaitech/ShanghaiTech/part_B/test_data/ground-truth/GT_IMG_143.mat,768,1024,251,0,test
144,test,/kaggle/input/datasets/tthien/shanghaitech/ShanghaiTech/part_B/test_data/images/IMG_144.jpg,/kaggle/input/datasets/tthien/shanghaitech/ShanghaiTech/part_B/test_data/ground-truth/GT_IMG_144.mat,768,1024,59,0,test
145,test,/kaggle/input/datasets/tthien/shanghaitech/ShanghaiTech/part_B/test_data/images/IMG_145.jpg,/kaggle/input/datasets/tthien/shanghaitech/ShanghaiTech/part_B/test_data/ground-truth/GT_IMG_145.mat,768,1024,67,0,test
146,test,/kaggle/input/datasets/tthien/shanghaitech/ShanghaiTech/part_B/test_data/images/IMG_146.jpg,/kaggle/input/datasets/tthien/shanghaitech/ShanghaiTech/part_B/test_data/ground-truth/GT_IMG_146.mat,768,1024,61,0,test
147,test,/kaggle/input/datasets/tthien/shanghaitech/ShanghaiTech/part_B/test_data/images/IMG_147.jpg,/kaggle/input/datasets/tthien/shanghaitech/ShanghaiTech/part_B/test_data/ground-truth/GT_IMG_147.mat,768,1024,248,0,test
148,test,/kaggle/input/datasets/tthien/shanghaitech/ShanghaiTech/part_B/test_data/images/IMG_148.jpg,/kaggle/input/datasets/tthien/shanghaitech/ShanghaiTech/part_B/test_data/ground-truth/GT_IMG_148.mat,768,1024,252,0,test
149,test,/kaggle/input/datasets/tthien/shanghaitech/ShanghaiTech/part_B/test_data/images/IMG_149.jpg,/kaggle/input/datasets/tthien/shanghaitech/ShanghaiTech/part_B/test_data/ground-truth/GT_IMG_149.mat,768,1024,147,0,test
150,test,/kaggle/input/datasets/tthien/shanghaitech/ShanghaiTech/part_B/test_data/images/IMG_150.jpg,/kaggle/input/datasets/tthien/shanghaitech/ShanghaiTech/part_B/test_data/ground-truth/GT_IMG_150.mat,768,1024,121,0,test
151,test,/kaggle/input/datasets/tthien/shanghaitech/ShanghaiTech/part_B/test_data/images/IMG_151.jpg,/kaggle/input/datasets/tthien/shanghaitech/ShanghaiTech/part_B/test_data/ground-truth/GT_IMG_151.mat,768,1024,47,0,test
152,test,/kaggle/input/datasets/tthien/shanghaitech/ShanghaiTech/part_B/test_data/images/IMG_152.jpg,/kaggle/input/datasets/tthien/shanghaitech/ShanghaiTech/part_B/test_data/ground-truth/GT_IMG_152.mat,768,1024,505,0,test
153,test,/kaggle/input/datasets/tthien/shanghaitech/ShanghaiTech/part_B/test_data/images/IMG_153.jpg,/kaggle/input/datasets/tthien/shanghaitech/ShanghaiTech/part_B/test_data/ground-truth/GT_IMG_153.mat,768,1024,297,0,test
154,test,/kaggle/input/datasets/tthien/shanghaitech/ShanghaiTech/part_B/test_data/images/IMG_154.jpg,/kaggle/input/datasets/tthien/shanghaitech/ShanghaiTech/part_B/test_data/ground-truth/GT_IMG_154.mat,768,1024,465,0,test
155,test,/kaggle/input/datasets/tthien/shanghaitech/ShanghaiTech/part_B/test_data/images/IMG_155.jpg,/kaggle/input/datasets/tthien/shanghaitech/ShanghaiTech/part_B/test_data/ground-truth/GT_IMG_155.mat,768,1024,167,0,test
156,test,/kaggle/input/datasets/tthien/shanghaitech/ShanghaiTech/part_B/test_data/images/IMG_156.jpg,/kaggle/input/datasets/tthien/shanghaitech/ShanghaiTech/part_B/test_data/ground-truth/GT_IMG_156.mat,768,1024,43,0,test
157,test,/kaggle/input/datasets/tthien/shanghaitech/ShanghaiTech/part_B/test_data/images/IMG_157.jpg,/kaggle/input/datasets/tthien/shanghaitech/ShanghaiTech/part_B/test_data/ground-truth/GT_IMG_157.mat,768,1024,46,0,test
158,test,/kaggle/input/datasets/tthien/shanghaitech/ShanghaiTech/part_B/test_data/images/IMG_158.jpg,/kaggle/input/datasets/tthien/shanghaitech/ShanghaiTech/part_B/test_data/ground-truth/GT_IMG_158.mat,768,1024,91,0,test
159,test,/kaggle/input/datasets/tthien/shanghaitech/ShanghaiTech/part_B/test_data/images/IMG_159.jpg,/kaggle/input/datasets/tthien/shanghaitech/ShanghaiTech/part_B/test_data/ground-truth/GT_IMG_159.mat,768,1024,263,0,test
160,test,/kaggle/input/datasets/tthien/shanghaitech/ShanghaiTech/part_B/test_data/images/IMG_160.jpg,/kaggle/input/datasets/tthien/shanghaitech/ShanghaiTech/part_B/test_data/ground-truth/GT_IMG_160.mat,768,1024,117,0,test
161,test,/kaggle/input/datasets/tthien/shanghaitech/ShanghaiTech/part_B/test_data/images/IMG_161.jpg,/kaggle/input/datasets/tthien/shanghaitech/ShanghaiTech/part_B/test_data/ground-truth/GT_IMG_161.mat,768,1024,48,0,test
162,test,/kaggle/input/datasets/tthien/shanghaitech/ShanghaiTech/part_B/test_data/images/IMG_162.jpg,/kaggle/input/datasets/tthien/shanghaitech/ShanghaiTech/part_B/test_data/ground-truth/GT_IMG_162.mat,768,1024,54,0,test
163,test,/kaggle/input/datasets/tthien/shanghaitech/ShanghaiTech/part_B/test_data/images/IMG_163.jpg,/kaggle/input/datasets/tthien/shanghaitech/ShanghaiTech/part_B/test_data/ground-truth/GT_IMG_163.mat,768,1024,73,0,test
164,test,/kaggle/input/datasets/tthien/shanghaitech/ShanghaiTech/part_B/test_data/images/IMG_164.jpg,/kaggle/input/datasets/tthien/shanghaitech/ShanghaiTech/part_B/test_data/ground-truth/GT_IMG_164.mat,768,1024,122,0,test
165,test,/kaggle/input/datasets/tthien/shanghaitech/ShanghaiTech/part_B/test_data/images/IMG_165.jpg,/kaggle/input/datasets/tthien/shanghaitech/ShanghaiTech/part_B/test_data/ground-truth/GT_IMG_165.mat,768,1024,60,0,test
166,test,/kaggle/input/datasets/tthien/shanghaitech/ShanghaiTech/part_B/test_data/images/IMG_166.jpg,/kaggle/input/datasets/tthien/shanghaitech/ShanghaiTech/part_B/test_data/ground-truth/GT_IMG_166.mat,768,1024,170,0,test
167,test,/kaggle/input/datasets/tthien/shanghaitech/ShanghaiTech/part_B/test_data/images/IMG_167.jpg,/kaggle/input/datasets/tthien/shanghaitech/ShanghaiTech/part_B/test_data/ground-truth/GT_IMG_167.mat,768,1024,167,0,test
168,test,/kaggle/input/datasets/tthien/shanghaitech/ShanghaiTech/part_B/test_data/images/IMG_168.jpg,/kaggle/input/datasets/tthien/shanghaitech/ShanghaiTech/part_B/test_data/ground-truth/GT_IMG_168.mat,768,1024,57,0,test
169,test,/kaggle/input/datasets/tthien/shanghaitech/ShanghaiTech/part_B/test_data/images/IMG_169.jpg,/kaggle/input/datasets/tthien/shanghaitech/ShanghaiTech/part_B/test_data/ground-truth/GT_IMG_169.mat,768,1024,127,0,test
170,test,/kaggle/input/datasets/tthien/shanghaitech/ShanghaiTech/part_B/test_data/images/IMG_170.jpg,/kaggle/input/datasets/tthien/shanghaitech/ShanghaiTech/part_B/test_data/ground-truth/GT_IMG_170.mat,768,1024,298,0,test
171,test,/kaggle/input/datasets/tthien/shanghaitech/ShanghaiTech/part_B/test_data/images/IMG_171.jpg,/kaggle/input/datasets/tthien/shanghaitech/ShanghaiTech/part_B/test_data/ground-truth/GT_IMG_171.mat,768,1024,14,0,test
172,test,/kaggle/input/datasets/tthien/shanghaitech/ShanghaiTech/part_B/test_data/images/IMG_172.jpg,/kaggle/input/datasets/tthien/shanghaitech/ShanghaiTech/part_B/test_data/ground-truth/GT_IMG_172.mat,768,1024,11,0,test
173,test,/kaggle/input/datasets/tthien/shanghaitech/ShanghaiTech/part_B/test_data/images/IMG_173.jpg,/kaggle/input/datasets/tthien/shanghaitech/ShanghaiTech/part_B/test_data/ground-truth/GT_IMG_173.mat,768,1024,104,0,test
174,test,/kaggle/input/datasets/tthien/shanghaitech/ShanghaiTech/part_B/test_data/images/IMG_174.jpg,/kaggle/input/datasets/tthien/shanghaitech/ShanghaiTech/part_B/test_data/ground-truth/GT_IMG_174.mat,768,1024,143,0,test
175,test,/kaggle/input/datasets/tthien/shanghaitech/ShanghaiTech/part_B/test_data/images/IMG_175.jpg,/kaggle/input/datasets/tthien/shanghaitech/ShanghaiTech/part_B/test_data/ground-truth/GT_IMG_175.mat,768,1024,45,0,test
176,test,/kaggle/input/datasets/tthien/shanghaitech/ShanghaiTech/part_B/test_data/images/IMG_176.jpg,/kaggle/input/datasets/tthien/shanghaitech/ShanghaiTech/part_B/test_data/ground-truth/GT_IMG_176.mat,768,1024,229,0,test
177,test,/kaggle/input/datasets/tthien/shanghaitech/ShanghaiTech/part_B/test_data/images/IMG_177.jpg,/kaggle/input/datasets/tthien/shanghaitech/ShanghaiTech/part_B/test_data/ground-truth/GT_IMG_177.mat,768,1024,20,0,test
178,test,/kaggle/input/datasets/tthien/shanghaitech/ShanghaiTech/part_B/test_data/images/IMG_178.jpg,/kaggle/input/datasets/tthien/shanghaitech/ShanghaiTech/part_B/test_data/ground-truth/GT_IMG_178.mat,768,1024,41,0,test
179,test,/kaggle/input/datasets/tthien/shanghaitech/ShanghaiTech/part_B/test_data/images/IMG_179.jpg,/kaggle/input/datasets/tthien/shanghaitech/ShanghaiTech/part_B/test_data/ground-truth/GT_IMG_179.mat,768,1024,79,0,test
180,test,/kaggle/input/datasets/tthien/shanghaitech/ShanghaiTech/part_B/test_data/images/IMG_180.jpg,/kaggle/input/datasets/tthien/shanghaitech/ShanghaiTech/part_B/test_data/ground-truth/GT_IMG_180.mat,768,1024,101,0,test
181,test,/kaggle/input/datasets/tthien/shanghaitech/ShanghaiTech/part_B/test_data/images/IMG_181.jpg,/kaggle/input/datasets/tthien/shanghaitech/ShanghaiTech/part_B/test_data/ground-truth/GT_IMG_181.mat,768,1024,60,0,test
182,test,/kaggle/input/datasets/tthien/shanghaitech/ShanghaiTech/part_B/test_data/images/IMG_182.jpg,/kaggle/input/datasets/tthien/shanghaitech/ShanghaiTech/part_B/test_data/ground-truth/GT_IMG_182.mat,768,1024,253,0,test
183,test,/kaggle/input/datasets/tthien/shanghaitech/ShanghaiTech/part_B/test_data/images/IMG_183.jpg,/kaggle/input/datasets/tthien/shanghaitech/ShanghaiTech/part_B/test_data/ground-truth/GT_IMG_183.mat,768,1024,187,0,test
184,test,/kaggle/input/datasets/tthien/shanghaitech/ShanghaiTech/part_B/test_data/images/IMG_184.jpg,/kaggle/input/datasets/tthien/shanghaitech/ShanghaiTech/part_B/test_data/ground-truth/GT_IMG_184.mat,768,1024,184,0,test
185,test,/kaggle/input/datasets/tthien/shanghaitech/ShanghaiTech/part_B/test_data/images/IMG_185.jpg,/kaggle/input/datasets/tthien/shanghaitech/ShanghaiTech/part_B/test_data/ground-truth/GT_IMG_185.mat,768,1024,106,0,test
186,test,/kaggle/input/datasets/tthien/shanghaitech/ShanghaiTech/part_B/test_data/images/IMG_186.jpg,/kaggle/input/datasets/tthien/shanghaitech/ShanghaiTech/part_B/test_data/ground-truth/GT_IMG_186.mat,768,1024,104,0,test
187,test,/kaggle/input/datasets/tthien/shanghaitech/ShanghaiTech/part_B/test_data/images/IMG_187.jpg,/kaggle/input/datasets/tthien/shanghaitech/ShanghaiTech/part_B/test_data/ground-truth/GT_IMG_187.mat,768,1024,159,0,test
188,test,/kaggle/input/datasets/tthien/shanghaitech/ShanghaiTech/part_B/test_data/images/IMG_188.jpg,/kaggle/input/datasets/tthien/shanghaitech/ShanghaiTech/part_B/test_data/ground-truth/GT_IMG_188.mat,768,1024,56,0,test
189,test,/kaggle/input/datasets/tthien/shanghaitech/ShanghaiTech/part_B/test_data/images/IMG_189.jpg,/kaggle/input/datasets/tthien/shanghaitech/ShanghaiTech/part_B/test_data/ground-truth/GT_IMG_189.mat,768,1024,40,0,test
190,test,/kaggle/input/datasets/tthien/shanghaitech/ShanghaiTech/part_B/test_data/images/IMG_190.jpg,/kaggle/input/datasets/tthien/shanghaitech/ShanghaiTech/part_B/test_data/ground-truth/GT_IMG_190.mat,768,1024,90,0,test
191,test,/kaggle/input/datasets/tthien/shanghaitech/ShanghaiTech/part_B/test_data/images/IMG_191.jpg,/kaggle/input/datasets/tthien/shanghaitech/ShanghaiTech/part_B/test_data/ground-truth/GT_IMG_191.mat,768,1024,301,0,test
192,test,/kaggle/input/datasets/tthien/shanghaitech/ShanghaiTech/part_B/test_data/images/IMG_192.jpg,/kaggle/input/datasets/tthien/shanghaitech/ShanghaiTech/part_B/test_data/ground-truth/GT_IMG_192.mat,768,1024,58,0,test
193,test,/kaggle/input/datasets/tthien/shanghaitech/ShanghaiTech/part_B/test_data/images/IMG_193.jpg,/kaggle/input/datasets/tthien/shanghaitech/ShanghaiTech/part_B/test_data/ground-truth/GT_IMG_193.mat,768,1024,172,0,test
194,test,/kaggle/input/datasets/tthien/shanghaitech/ShanghaiTech/part_B/test_data/images/IMG_194.jpg,/kaggle/input/datasets/tthien/shanghaitech/ShanghaiTech/part_B/test_data/ground-truth/GT_IMG_194.mat,768,1024,213,0,test
195,test,/kaggle/input/datasets/tthien/shanghaitech/ShanghaiTech/part_B/test_data/images/IMG_195.jpg,/kaggle/input/datasets/tthien/shanghaitech/ShanghaiTech/part_B/test_data/ground-truth/GT_IMG_195.mat,768,1024,61,0,test
196,test,/kaggle/input/datasets/tthien/shanghaitech/ShanghaiTech/part_B/test_data/images/IMG_196.jpg,/kaggle/input/datasets/tthien/shanghaitech/ShanghaiTech/part_B/test_data/ground-truth/GT_IMG_196.mat,768,1024,107,0,test
197,test,/kaggle/input/datasets/tthien/shanghaitech/ShanghaiTech/part_B/test_data/images/IMG_197.jpg,/kaggle/input/datasets/tthien/shanghaitech/ShanghaiTech/part_B/test_data/ground-truth/GT_IMG_197.mat,768,1024,93,0,test
198,test,/kaggle/input/datasets/tthien/shanghaitech/ShanghaiTech/part_B/test_data/images/IMG_198.jpg,/kaggle/input/datasets/tthien/shanghaitech/ShanghaiTech/part_B/test_data/ground-truth/GT_IMG_198.mat,768,1024,9,0,test
199,test,/kaggle/input/datasets/tthien/shanghaitech/ShanghaiTech/part_B/test_data/images/IMG_199.jpg,/kaggle/input/datasets/tthien/shanghaitech/ShanghaiTech/part_B/test_data/ground-truth/GT_IMG_199.mat,768,1024,88,0,test
200,test,/kaggle/input/datasets/tthien/shanghaitech/ShanghaiTech/part_B/test_data/images/IMG_200.jpg,/kaggle/input/datasets/tthien/shanghaitech/ShanghaiTech/part_B/test_data/ground-truth/GT_IMG_200.mat,768,1024,48,0,test
201,test,/kaggle/input/datasets/tthien/shanghaitech/ShanghaiTech/part_B/test_data/images/IMG_201.jpg,/kaggle/input/datasets/tthien/shanghaitech/ShanghaiTech/part_B/test_data/ground-truth/GT_IMG_201.mat,768,1024,131,0,test
202,test,/kaggle/input/datasets/tthien/shanghaitech/ShanghaiTech/part_B/test_data/images/IMG_202.jpg,/kaggle/input/datasets/tthien/shanghaitech/ShanghaiTech/part_B/test_data/ground-truth/GT_IMG_202.mat,768,1024,180,0,test
203,test,/kaggle/input/datasets/tthien/shanghaitech/ShanghaiTech/part_B/test_data/images/IMG_203.jpg,/kaggle/input/datasets/tthien/shanghaitech/ShanghaiTech/part_B/test_data/ground-truth/GT_IMG_203.mat,768,1024,187,0,test
204,test,/kaggle/input/datasets/tthien/shanghaitech/ShanghaiTech/part_B/test_data/images/IMG_204.jpg,/kaggle/input/datasets/tthien/shanghaitech/ShanghaiTech/part_B/test_data/ground-truth/GT_IMG_204.mat,768,1024,148,0,test
205,test,/kaggle/input/datasets/tthien/shanghaitech/ShanghaiTech/part_B/test_data/images/IMG_205.jpg,/kaggle/input/datasets/tthien/shanghaitech/ShanghaiTech/part_B/test_data/ground-truth/GT_IMG_205.mat,768,1024,57,0,test
206,test,/kaggle/input/datasets/tthien/shanghaitech/ShanghaiTech/part_B/test_data/images/IMG_206.jpg,/kaggle/input/datasets/tthien/shanghaitech/ShanghaiTech/part_B/test_data/ground-truth/GT_IMG_206.mat,768,1024,86,0,test
207,test,/kaggle/input/datasets/tthien/shanghaitech/ShanghaiTech/part_B/test_data/images/IMG_207.jpg,/kaggle/input/datasets/tthien/shanghaitech/ShanghaiTech/part_B/test_data/ground-truth/GT_IMG_207.mat,768,1024,106,0,test
208,test,/kaggle/input/datasets/tthien/shanghaitech/ShanghaiTech/part_B/test_data/images/IMG_208.jpg,/kaggle/input/datasets/tthien/shanghaitech/ShanghaiTech/part_B/test_data/ground-truth/GT_IMG_208.mat,768,1024,72,0,test
209,test,/kaggle/input/datasets/tthien/shanghaitech/ShanghaiTech/part_B/test_data/images/IMG_209.jpg,/kaggle/input/datasets/tthien/shanghaitech/ShanghaiTech/part_B/test_data/ground-truth/GT_IMG_209.mat,768,1024,149,0,test
210,test,/kaggle/input/datasets/tthien/shanghaitech/ShanghaiTech/part_B/test_data/images/IMG_210.jpg,/kaggle/input/datasets/tthien/shanghaitech/ShanghaiTech/part_B/test_data/ground-truth/GT_IMG_210.mat,768,1024,33,0,test
211,test,/kaggle/input/datasets/tthien/shanghaitech/ShanghaiTech/part_B/test_data/images/IMG_211.jpg,/kaggle/input/datasets/tthien/shanghaitech/ShanghaiTech/part_B/test_data/ground-truth/GT_IMG_211.mat,768,1024,51,0,test
212,test,/kaggle/input/datasets/tthien/shanghaitech/ShanghaiTech/part_B/test_data/images/IMG_212.jpg,/kaggle/input/datasets/tthien/shanghaitech/ShanghaiTech/part_B/test_data/ground-truth/GT_IMG_212.mat,768,1024,139,0,test
213,test,/kaggle/input/datasets/tthien/shanghaitech/ShanghaiTech/part_B/test_data/images/IMG_213.jpg,/kaggle/input/datasets/tthien/shanghaitech/ShanghaiTech/part_B/test_data/ground-truth/GT_IMG_213.mat,768,1024,284,0,test
214,test,/kaggle/input/datasets/tthien/shanghaitech/ShanghaiTech/part_B/test_data/images/IMG_214.jpg,/kaggle/input/datasets/tthien/shanghaitech/ShanghaiTech/part_B/test_data/ground-truth/GT_IMG_214.mat,768,1024,138,0,test
215,test,/kaggle/input/datasets/tthien/shanghaitech/ShanghaiTech/part_B/test_data/images/IMG_215.jpg,/kaggle/input/datasets/tthien/shanghaitech/ShanghaiTech/part_B/test_data/ground-truth/GT_IMG_215.mat,768,1024,52,0,test
216,test,/kaggle/input/datasets/tthien/shanghaitech/ShanghaiTech/part_B/test_data/images/IMG_216.jpg,/kaggle/input/datasets/tthien/shanghaitech/ShanghaiTech/part_B/test_data/ground-truth/GT_IMG_216.mat,768,1024,161,0,test
217,test,/kaggle/input/datasets/tthien/shanghaitech/ShanghaiTech/part_B/test_data/images/IMG_217.jpg,/kaggle/input/datasets/tthien/shanghaitech/ShanghaiTech/part_B/test_data/ground-truth/GT_IMG_217.mat,768,1024,109,0,test
218,test,/kaggle/input/datasets/tthien/shanghaitech/ShanghaiTech/part_B/test_data/images/IMG_218.jpg,/kaggle/input/datasets/tthien/shanghaitech/ShanghaiTech/part_B/test_data/ground-truth/GT_IMG_218.mat,768,1024,73,0,test
219,test,/kaggle/input/datasets/tthien/shanghaitech/ShanghaiTech/part_B/test_data/images/IMG_219.jpg,/kaggle/input/datasets/tthien/shanghaitech/ShanghaiTech/part_B/test_data/ground-truth/GT_IMG_219.mat,768,1024,450,0,test
220,test,/kaggle/input/datasets/tthien/shanghaitech/ShanghaiTech/part_B/test_data/images/IMG_220.jpg,/kaggle/input/datasets/tthien/shanghaitech/ShanghaiTech/part_B/test_data/ground-truth/GT_IMG_220.mat,768,1024,70,0,test
221,test,/kaggle/input/datasets/tthien/shanghaitech/ShanghaiTech/part_B/test_data/images/IMG_221.jpg,/kaggle/input/datasets/tthien/shanghaitech/ShanghaiTech/part_B/test_data/ground-truth/GT_IMG_221.mat,768,1024,74,0,test
222,test,/kaggle/input/datasets/tthien/shanghaitech/ShanghaiTech/part_B/test_data/images/IMG_222.jpg,/kaggle/input/datasets/tthien/shanghaitech/ShanghaiTech/part_B/test_data/ground-truth/GT_IMG_222.mat,768,1024,154,0,test
223,test,/kaggle/input/datasets/tthien/shanghaitech/ShanghaiTech/part_B/test_data/images/IMG_223.jpg,/kaggle/input/datasets/tthien/shanghaitech/ShanghaiTech/part_B/test_data/ground-truth/GT_IMG_223.mat,768,1024,144,0,test
224,test,/kaggle/input/datasets/tthien/shanghaitech/ShanghaiTech/part_B/test_data/images/IMG_224.jpg,/kaggle/input/datasets/tthien/shanghaitech/ShanghaiTech/part_B/test_data/ground-truth/GT_IMG_224.mat,768,1024,142,0,test
225,test,/kaggle/input/datasets/tthien/shanghaitech/ShanghaiTech/part_B/test_data/images/IMG_225.jpg,/kaggle/input/datasets/tthien/shanghaitech/ShanghaiTech/part_B/test_data/ground-truth/GT_IMG_225.mat,768,1024,265,0,test
226,test,/kaggle/input/datasets/tthien/shanghaitech/ShanghaiTech/part_B/test_data/images/IMG_226.jpg,/kaggle/input/datasets/tthien/shanghaitech/ShanghaiTech/part_B/test_data/ground-truth/GT_IMG_226.mat,768,1024,94,0,test
227,test,/kaggle/input/datasets/tthien/shanghaitech/ShanghaiTech/part_B/test_data/images/IMG_227.jpg,/kaggle/input/datasets/tthien/shanghaitech/ShanghaiTech/part_B/test_data/ground-truth/GT_IMG_227.mat,768,1024,96,0,test
228,test,/kaggle/input/datasets/tthien/shanghaitech/ShanghaiTech/part_B/test_data/images/IMG_228.jpg,/kaggle/input/datasets/tthien/shanghaitech/ShanghaiTech/part_B/test_data/ground-truth/GT_IMG_228.mat,768,1024,159,0,test
229,test,/kaggle/input/datasets/tthien/shanghaitech/ShanghaiTech/part_B/test_data/images/IMG_229.jpg,/kaggle/input/datasets/tthien/shanghaitech/ShanghaiTech/part_B/test_data/ground-truth/GT_IMG_229.mat,768,1024,64,0,test
230,test,/kaggle/input/datasets/tthien/shanghaitech/ShanghaiTech/part_B/test_data/images/IMG_230.jpg,/kaggle/input/datasets/tthien/shanghaitech/ShanghaiTech/part_B/test_data/ground-truth/GT_IMG_230.mat,768,1024,93,0,test
231,test,/kaggle/input/datasets/tthien/shanghaitech/ShanghaiTech/part_B/test_data/images/IMG_231.jpg,/kaggle/input/datasets/tthien/shanghaitech/ShanghaiTech/part_B/test_data/ground-truth/GT_IMG_231.mat,768,1024,79,0,test
232,test,/kaggle/input/datasets/tthien/shanghaitech/ShanghaiTech/part_B/test_data/images/IMG_232.jpg,/kaggle/input/datasets/tthien/shanghaitech/ShanghaiTech/part_B/test_data/ground-truth/GT_IMG_232.mat,768,1024,133,0,test
233,test,/kaggle/input/datasets/tthien/shanghaitech/ShanghaiTech/part_B/test_data/images/IMG_233.jpg,/kaggle/input/datasets/tthien/shanghaitech/ShanghaiTech/part_B/test_data/ground-truth/GT_IMG_233.mat,768,1024,29,0,test
234,test,/kaggle/input/datasets/tthien/shanghaitech/ShanghaiTech/part_B/test_data/images/IMG_234.jpg,/kaggle/input/datasets/tthien/shanghaitech/ShanghaiTech/part_B/test_data/ground-truth/GT_IMG_234.mat,768,1024,212,0,test
235,test,/kaggle/input/datasets/tthien/shanghaitech/ShanghaiTech/part_B/test_data/images/IMG_235.jpg,/kaggle/input/datasets/tthien/shanghaitech/ShanghaiTech/part_B/test_data/ground-truth/GT_IMG_235.mat,768,1024,180,0,test
236,test,/kaggle/input/datasets/tthien/shanghaitech/ShanghaiTech/part_B/test_data/images/IMG_236.jpg,/kaggle/input/datasets/tthien/shanghaitech/ShanghaiTech/part_B/test_data/ground-truth/GT_IMG_236.mat,768,1024,196,0,test
237,test,/kaggle/input/datasets/tthien/shanghaitech/ShanghaiTech/part_B/test_data/images/IMG_237.jpg,/kaggle/input/datasets/tthien/shanghaitech/ShanghaiTech/part_B/test_data/ground-truth/GT_IMG_237.mat,768,1024,323,0,test
238,test,/kaggle/input/datasets/tthien/shanghaitech/ShanghaiTech/part_B/test_data/images/IMG_238.jpg,/kaggle/input/datasets/tthien/shanghaitech/ShanghaiTech/part_B/test_data/ground-truth/GT_IMG_238.mat,768,1024,51,0,test
239,test,/kaggle/input/datasets/tthien/shanghaitech/ShanghaiTech/part_B/test_data/images/IMG_239.jpg,/kaggle/input/datasets/tthien/shanghaitech/ShanghaiTech/part_B/test_data/ground-truth/GT_IMG_239.mat,768,1024,166,0,test
240,test,/kaggle/input/datasets/tthien/shanghaitech/ShanghaiTech/part_B/test_data/images/IMG_240.jpg,/kaggle/input/datasets/tthien/shanghaitech/ShanghaiTech/part_B/test_data/ground-truth/GT_IMG_240.mat,768,1024,94,0,test
241,test,/kaggle/input/datasets/tthien/shanghaitech/ShanghaiTech/part_B/test_data/images/IMG_241.jpg,/kaggle/input/datasets/tthien/shanghaitech/ShanghaiTech/part_B/test_data/ground-truth/GT_IMG_241.mat,768,1024,89,0,test
242,test,/kaggle/input/datasets/tthien/shanghaitech/ShanghaiTech/part_B/test_data/images/IMG_242.jpg,/kaggle/input/datasets/tthien/shanghaitech/ShanghaiTech/part_B/test_data/ground-truth/GT_IMG_242.mat,768,1024,177,0,test
243,test,/kaggle/input/datasets/tthien/shanghaitech/ShanghaiTech/part_B/test_data/images/IMG_243.jpg,/kaggle/input/datasets/tthien/shanghaitech/ShanghaiTech/part_B/test_data/ground-truth/GT_IMG_243.mat,768,1024,143,0,test
244,test,/kaggle/input/datasets/tthien/shanghaitech/ShanghaiTech/part_B/test_data/images/IMG_244.jpg,/kaggle/input/datasets/tthien/shanghaitech/ShanghaiTech/part_B/test_data/ground-truth/GT_IMG_244.mat,768,1024,105,0,test
245,test,/kaggle/input/datasets/tthien/shanghaitech/ShanghaiTech/part_B/test_data/images/IMG_245.jpg,/kaggle/input/datasets/tthien/shanghaitech/ShanghaiTech/part_B/test_data/ground-truth/GT_IMG_245.mat,768,1024,85,0,test
246,test,/kaggle/input/datasets/tthien/shanghaitech/ShanghaiTech/part_B/test_data/images/IMG_246.jpg,/kaggle/input/datasets/tthien/shanghaitech/ShanghaiTech/part_B/test_data/ground-truth/GT_IMG_246.mat,768,1024,376,0,test
247,test,/kaggle/input/datasets/tthien/shanghaitech/ShanghaiTech/part_B/test_data/images/IMG_247.jpg,/kaggle/input/datasets/tthien/shanghaitech/ShanghaiTech/part_B/test_data/ground-truth/GT_IMG_247.mat,768,1024,104,0,test
248,test,/kaggle/input/datasets/tthien/shanghaitech/ShanghaiTech/part_B/test_data/images/IMG_248.jpg,/kaggle/input/datasets/tthien/shanghaitech/ShanghaiTech/part_B/test_data/ground-truth/GT_IMG_248.mat,768,1024,62,0,test
249,test,/kaggle/input/datasets/tthien/shanghaitech/ShanghaiTech/part_B/test_data/images/IMG_249.jpg,/kaggle/input/datasets/tthien/shanghaitech/ShanghaiTech/part_B/test_data/ground-truth/GT_IMG_249.mat,768,1024,107,0,test
250,test,/kaggle/input/datasets/tthien/shanghaitech/ShanghaiTech/part_B/test_data/images/IMG_250.jpg,/kaggle/input/datasets/tthien/shanghaitech/ShanghaiTech/part_B/test_data/ground-truth/GT_IMG_250.mat,768,1024,24,0,test
251,test,/kaggle/input/datasets/tthien/shanghaitech/ShanghaiTech/part_B/test_data/images/IMG_251.jpg,/kaggle/input/datasets/tthien/shanghaitech/ShanghaiTech/part_B/test_data/ground-truth/GT_IMG_251.mat,768,1024,274,0,test
252,test,/kaggle/input/datasets/tthien/shanghaitech/ShanghaiTech/part_B/test_data/images/IMG_252.jpg,/kaggle/input/datasets/tthien/shanghaitech/ShanghaiTech/part_B/test_data/ground-truth/GT_IMG_252.mat,768,1024,31,0,test
253,test,/kaggle/input/datasets/tthien/shanghaitech/ShanghaiTech/part_B/test_data/images/IMG_253.jpg,/kaggle/input/datasets/tthien/shanghaitech/ShanghaiTech/part_B/test_data/ground-truth/GT_IMG_253.mat,768,1024,132,0,test
254,test,/kaggle/input/datasets/tthien/shanghaitech/ShanghaiTech/part_B/test_data/images/IMG_254.jpg,/kaggle/input/datasets/tthien/shanghaitech/ShanghaiTech/part_B/test_data/ground-truth/GT_IMG_254.mat,768,1024,91,0,test
255,test,/kaggle/input/datasets/tthien/shanghaitech/ShanghaiTech/part_B/test_data/images/IMG_255.jpg,/kaggle/input/datasets/tthien/shanghaitech/ShanghaiTech/part_B/test_data/ground-truth/GT_IMG_255.mat,768,1024,49,0,test
256,test,/kaggle/input/datasets/tthien/shanghaitech/ShanghaiTech/part_B/test_data/images/IMG_256.jpg,/kaggle/input/datasets/tthien/shanghaitech/ShanghaiTech/part_B/test_data/ground-truth/GT_IMG_256.mat,768,1024,194,0,test
257,test,/kaggle/input/datasets/tthien/shanghaitech/ShanghaiTech/part_B/test_data/images/IMG_257.jpg,/kaggle/input/datasets/tthien/shanghaitech/ShanghaiTech/part_B/test_data/ground-truth/GT_IMG_257.mat,768,1024,131,0,test
258,test,/kaggle/input/datasets/tthien/shanghaitech/ShanghaiTech/part_B/test_data/images/IMG_258.jpg,/kaggle/input/datasets/tthien/shanghaitech/ShanghaiTech/part_B/test_data/ground-truth/GT_IMG_258.mat,768,1024,55,0,test
259,test,/kaggle/input/datasets/tthien/shanghaitech/ShanghaiTech/part_B/test_data/images/IMG_259.jpg,/kaggle/input/datasets/tthien/shanghaitech/ShanghaiTech/part_B/test_data/ground-truth/GT_IMG_259.mat,768,1024,87,0,test
260,test,/kaggle/input/datasets/tthien/shanghaitech/ShanghaiTech/part_B/test_data/images/IMG_260.jpg,/kaggle/input/datasets/tthien/shanghaitech/ShanghaiTech/part_B/test_data/ground-truth/GT_IMG_260.mat,768,1024,53,0,test
261,test,/kaggle/input/datasets/tthien/shanghaitech/ShanghaiTech/part_B/test_data/images/IMG_261.jpg,/kaggle/input/datasets/tthien/shanghaitech/ShanghaiTech/part_B/test_data/ground-truth/GT_IMG_261.mat,768,1024,184,0,test
262,test,/kaggle/input/datasets/tthien/shanghaitech/ShanghaiTech/part_B/test_data/images/IMG_262.jpg,/kaggle/input/datasets/tthien/shanghaitech/ShanghaiTech/part_B/test_data/ground-truth/GT_IMG_262.mat,768,1024,137,0,test
263,test,/kaggle/input/datasets/tthien/shanghaitech/ShanghaiTech/part_B/test_data/images/IMG_263.jpg,/kaggle/input/datasets/tthien/shanghaitech/ShanghaiTech/part_B/test_data/ground-truth/GT_IMG_263.mat,768,1024,95,0,test
264,test,/kaggle/input/datasets/tthien/shanghaitech/ShanghaiTech/part_B/test_data/images/IMG_264.jpg,/kaggle/input/datasets/tthien/shanghaitech/ShanghaiTech/part_B/test_data/ground-truth/GT_IMG_264.mat,768,1024,36,0,test
265,test,/kaggle/input/datasets/tthien/shanghaitech/ShanghaiTech/part_B/test_data/images/IMG_265.jpg,/kaggle/input/datasets/tthien/shanghaitech/ShanghaiTech/part_B/test_data/ground-truth/GT_IMG_265.mat,768,1024,28,0,test
266,test,/kaggle/input/datasets/tthien/shanghaitech/ShanghaiTech/part_B/test_data/images/IMG_266.jpg,/kaggle/input/datasets/tthien/shanghaitech/ShanghaiTech/part_B/test_data/ground-truth/GT_IMG_266.mat,768,1024,59,0,test
267,test,/kaggle/input/datasets/tthien/shanghaitech/ShanghaiTech/part_B/test_data/images/IMG_267.jpg,/kaggle/input/datasets/tthien/shanghaitech/ShanghaiTech/part_B/test_data/ground-truth/GT_IMG_267.mat,768,1024,62,0,test
268,test,/kaggle/input/datasets/tthien/shanghaitech/ShanghaiTech/part_B/test_data/images/IMG_268.jpg,/kaggle/input/datasets/tthien/shanghaitech/ShanghaiTech/part_B/test_data/ground-truth/GT_IMG_268.mat,768,1024,79,0,test
269,test,/kaggle/input/datasets/tthien/shanghaitech/ShanghaiTech/part_B/test_data/images/IMG_269.jpg,/kaggle/input/datasets/tthien/shanghaitech/ShanghaiTech/part_B/test_data/ground-truth/GT_IMG_269.mat,768,1024,304,0,test
270,test,/kaggle/input/datasets/tthien/shanghaitech/ShanghaiTech/part_B/test_data/images/IMG_270.jpg,/kaggle/input/datasets/tthien/shanghaitech/ShanghaiTech/part_B/test_data/ground-truth/GT_IMG_270.mat,768,1024,142,0,test
271,test,/kaggle/input/datasets/tthien/shanghaitech/ShanghaiTech/part_B/test_data/images/IMG_271.jpg,/kaggle/input/datasets/tthien/shanghaitech/ShanghaiTech/part_B/test_data/ground-truth/GT_IMG_271.mat,768,1024,54,0,test
272,test,/kaggle/input/datasets/tthien/shanghaitech/ShanghaiTech/part_B/test_data/images/IMG_272.jpg,/kaggle/input/datasets/tthien/shanghaitech/ShanghaiTech/part_B/test_data/ground-truth/GT_IMG_272.mat,768,1024,164,0,test
273,test,/kaggle/input/datasets/tthien/shanghaitech/ShanghaiTech/part_B/test_data/images/IMG_273.jpg,/kaggle/input/datasets/tthien/shanghaitech/ShanghaiTech/part_B/test_data/ground-truth/GT_IMG_273.mat,768,1024,61,0,test
274,test,/kaggle/input/datasets/tthien/shanghaitech/ShanghaiTech/part_B/test_data/images/IMG_274.jpg,/kaggle/input/datasets/tthien/shanghaitech/ShanghaiTech/part_B/test_data/ground-truth/GT_IMG_274.mat,768,1024,200,0,test
275,test,/kaggle/input/datasets/tthien/shanghaitech/ShanghaiTech/part_B/test_data/images/IMG_275.jpg,/kaggle/input/datasets/tthien/shanghaitech/ShanghaiTech/part_B/test_data/ground-truth/GT_IMG_275.mat,768,1024,88,0,test
276,test,/kaggle/input/datasets/tthien/shanghaitech/ShanghaiTech/part_B/test_data/images/IMG_276.jpg,/kaggle/input/datasets/tthien/shanghaitech/ShanghaiTech/part_B/test_data/ground-truth/GT_IMG_276.mat,768,1024,38,0,test
277,test,/kaggle/input/datasets/tthien/shanghaitech/ShanghaiTech/part_B/test_data/images/IMG_277.jpg,/kaggle/input/datasets/tthien/shanghaitech/ShanghaiTech/part_B/test_data/ground-truth/GT_IMG_277.mat,768,1024,67,0,test
278,test,/kaggle/input/datasets/tthien/shanghaitech/ShanghaiTech/part_B/test_data/images/IMG_278.jpg,/kaggle/input/datasets/tthien/shanghaitech/ShanghaiTech/part_B/test_data/ground-truth/GT_IMG_278.mat,768,1024,57,0,test
279,test,/kaggle/input/datasets/tthien/shanghaitech/ShanghaiTech/part_B/test_data/images/IMG_279.jpg,/kaggle/input/datasets/tthien/shanghaitech/ShanghaiTech/part_B/test_data/ground-truth/GT_IMG_279.mat,768,1024,196,0,test
280,test,/kaggle/input/datasets/tthien/shanghaitech/ShanghaiTech/part_B/test_data/images/IMG_280.jpg,/kaggle/input/datasets/tthien/shanghaitech/ShanghaiTech/part_B/test_data/ground-truth/GT_IMG_280.mat,768,1024,87,0,test
281,test,/kaggle/input/datasets/tthien/shanghaitech/ShanghaiTech/part_B/test_data/images/IMG_281.jpg,/kaggle/input/datasets/tthien/shanghaitech/ShanghaiTech/part_B/test_data/ground-truth/GT_IMG_281.mat,768,1024,146,0,test
282,test,/kaggle/input/datasets/tthien/shanghaitech/ShanghaiTech/part_B/test_data/images/IMG_282.jpg,/kaggle/input/datasets/tthien/shanghaitech/ShanghaiTech/part_B/test_data/ground-truth/GT_IMG_282.mat,768,1024,24,0,test
283,test,/kaggle/input/datasets/tthien/shanghaitech/ShanghaiTech/part_B/test_data/images/IMG_283.jpg,/kaggle/input/datasets/tthien/shanghaitech/ShanghaiTech/part_B/test_data/ground-truth/GT_IMG_283.mat,768,1024,226,0,test
284,test,/kaggle/input/datasets/tthien/shanghaitech/ShanghaiTech/part_B/test_data/images/IMG_284.jpg,/kaggle/input/datasets/tthien/shanghaitech/ShanghaiTech/part_B/test_data/ground-truth/GT_IMG_284.mat,768,1024,38,0,test
285,test,/kaggle/input/datasets/tthien/shanghaitech/ShanghaiTech/part_B/test_data/images/IMG_285.jpg,/kaggle/input/datasets/tthien/shanghaitech/ShanghaiTech/part_B/test_data/ground-truth/GT_IMG_285.mat,768,1024,54,0,test
286,test,/kaggle/input/datasets/tthien/shanghaitech/ShanghaiTech/part_B/test_data/images/IMG_286.jpg,/kaggle/input/datasets/tthien/shanghaitech/ShanghaiTech/part_B/test_data/ground-truth/GT_IMG_286.mat,768,1024,66,0,test
287,test,/kaggle/input/datasets/tthien/shanghaitech/ShanghaiTech/part_B/test_data/images/IMG_287.jpg,/kaggle/input/datasets/tthien/shanghaitech/ShanghaiTech/part_B/test_data/ground-truth/GT_IMG_287.mat,768,1024,89,0,test
288,test,/kaggle/input/datasets/tthien/shanghaitech/ShanghaiTech/part_B/test_data/images/IMG_288.jpg,/kaggle/input/datasets/tthien/shanghaitech/ShanghaiTech/part_B/test_data/ground-truth/GT_IMG_288.mat,768,1024,19,0,test
289,test,/kaggle/input/datasets/tthien/shanghaitech/ShanghaiTech/part_B/test_data/images/IMG_289.jpg,/kaggle/input/datasets/tthien/shanghaitech/ShanghaiTech/part_B/test_data/ground-truth/GT_IMG_289.mat,768,1024,45,0,test
290,test,/kaggle/input/datasets/tthien/shanghaitech/ShanghaiTech/part_B/test_data/images/IMG_290.jpg,/kaggle/input/datasets/tthien/shanghaitech/ShanghaiTech/part_B/test_data/ground-truth/GT_IMG_290.mat,768,1024,119,0,test
291,test,/kaggle/input/datasets/tthien/shanghaitech/ShanghaiTech/part_B/test_data/images/IMG_291.jpg,/kaggle/input/datasets/tthien/shanghaitech/ShanghaiTech/part_B/test_data/ground-truth/GT_IMG_291.mat,768,1024,177,0,test
292,test,/kaggle/input/datasets/tthien/shanghaitech/ShanghaiTech/part_B/test_data/images/IMG_292.jpg,/kaggle/input/datasets/tthien/shanghaitech/ShanghaiTech/part_B/test_data/ground-truth/GT_IMG_292.mat,768,1024,93,0,test
293,test,/kaggle/input/datasets/tthien/shanghaitech/ShanghaiTech/part_B/test_data/images/IMG_293.jpg,/kaggle/input/datasets/tthien/shanghaitech/ShanghaiTech/part_B/test_data/ground-truth/GT_IMG_293.mat,768,1024,327,0,test
294,test,/kaggle/input/datasets/tthien/shanghaitech/ShanghaiTech/part_B/test_data/images/IMG_294.jpg,/kaggle/input/datasets/tthien/shanghaitech/ShanghaiTech/part_B/test_data/ground-truth/GT_IMG_294.mat,768,1024,46,0,test
295,test,/kaggle/input/datasets/tthien/shanghaitech/ShanghaiTech/part_B/test_data/images/IMG_295.jpg,/kaggle/input/datasets/tthien/shanghaitech/ShanghaiTech/part_B/test_data/ground-truth/GT_IMG_295.mat,768,1024,153,0,test
296,test,/kaggle/input/datasets/tthien/shanghaitech/ShanghaiTech/part_B/test_data/images/IMG_296.jpg,/kaggle/input/datasets/tthien/shanghaitech/ShanghaiTech/part_B/test_data/ground-truth/GT_IMG_296.mat,768,1024,28,0,test
297,test,/kaggle/input/datasets/tthien/shanghaitech/ShanghaiTech/part_B/test_data/images/IMG_297.jpg,/kaggle/input/datasets/tthien/shanghaitech/ShanghaiTech/part_B/test_data/ground-truth/GT_IMG_297.mat,768,1024,66,0,test
298,test,/kaggle/input/datasets/tthien/shanghaitech/ShanghaiTech/part_B/test_data/images/IMG_298.jpg,/kaggle/input/datasets/tthien/shanghaitech/ShanghaiTech/part_B/test_data/ground-truth/GT_IMG_298.mat,768,1024,206,0,test
299,test,/kaggle/input/datasets/tthien/shanghaitech/ShanghaiTech/part_B/test_data/images/IMG_299.jpg,/kaggle/input/datasets/tthien/shanghaitech/ShanghaiTech/part_B/test_data/ground-truth/GT_IMG_299.mat,768,1024,98,0,test
300,test,/kaggle/input/datasets/tthien/shanghaitech/ShanghaiTech/part_B/test_data/images/IMG_300.jpg,/kaggle/input/datasets/tthien/shanghaitech/ShanghaiTech/part_B/test_data/ground-truth/GT_IMG_300.mat,768,1024,196,0,test
301,test,/kaggle/input/datasets/tthien/shanghaitech/ShanghaiTech/part_B/test_data/images/IMG_301.jpg,/kaggle/input/datasets/tthien/shanghaitech/ShanghaiTech/part_B/test_data/ground-truth/GT_IMG_301.mat,768,1024,33,0,test
302,test,/kaggle/input/datasets/tthien/shanghaitech/ShanghaiTech/part_B/test_data/images/IMG_302.jpg,/kaggle/input/datasets/tthien/shanghaitech/ShanghaiTech/part_B/test_data/ground-truth/GT_IMG_302.mat,768,1024,79,0,test
303,test,/kaggle/input/datasets/tthien/shanghaitech/ShanghaiTech/part_B/test_data/images/IMG_303.jpg,/kaggle/input/datasets/tthien/shanghaitech/ShanghaiTech/part_B/test_data/ground-truth/GT_IMG_303.mat,768,1024,68,0,test
304,test,/kaggle/input/datasets/tthien/shanghaitech/ShanghaiTech/part_B/test_data/images/IMG_304.jpg,/kaggle/input/datasets/tthien/shanghaitech/ShanghaiTech/part_B/test_data/ground-truth/GT_IMG_304.mat,768,1024,176,0,test
305,test,/kaggle/input/datasets/tthien/shanghaitech/ShanghaiTech/part_B/test_data/images/IMG_305.jpg,/kaggle/input/datasets/tthien/shanghaitech/ShanghaiTech/part_B/test_data/ground-truth/GT_IMG_305.mat,768,1024,110,0,test
306,test,/kaggle/input/datasets/tthien/shanghaitech/ShanghaiTech/part_B/test_data/images/IMG_306.jpg,/kaggle/input/datasets/tthien/shanghaitech/ShanghaiTech/part_B/test_data/ground-truth/GT_IMG_306.mat,768,1024,230,0,test
307,test,/kaggle/input/datasets/tthien/shanghaitech/ShanghaiTech/part_B/test_data/images/IMG_307.jpg,/kaggle/input/datasets/tthien/shanghaitech/ShanghaiTech/part_B/test_data/ground-truth/GT_IMG_307.mat,768,1024,200,0,test
308,test,/kaggle/input/datasets/tthien/shanghaitech/ShanghaiTech/part_B/test_data/images/IMG_308.jpg,/kaggle/input/datasets/tthien/shanghaitech/ShanghaiTech/part_B/test_data/ground-truth/GT_IMG_308.mat,768,1024,47,0,test
309,test,/kaggle/input/datasets/tthien/shanghaitech/ShanghaiTech/part_B/test_data/images/IMG_309.jpg,/kaggle/input/datasets/tthien/shanghaitech/ShanghaiTech/part_B/test_data/ground-truth/GT_IMG_309.mat,768,1024,63,0,test
310,test,/kaggle/input/datasets/tthien/shanghaitech/ShanghaiTech/part_B/test_data/images/IMG_310.jpg,/kaggle/input/datasets/tthien/shanghaitech/ShanghaiTech/part_B/test_data/ground-truth/GT_IMG_310.mat,768,1024,93,0,test
311,test,/kaggle/input/datasets/tthien/shanghaitech/ShanghaiTech/part_B/test_data/images/IMG_311.jpg,/kaggle/input/datasets/tthien/shanghaitech/ShanghaiTech/part_B/test_data/ground-truth/GT_IMG_311.mat,768,1024,60,0,test
312,test,/kaggle/input/datasets/tthien/shanghaitech/ShanghaiTech/part_B/test_data/images/IMG_312.jpg,/kaggle/input/datasets/tthien/shanghaitech/ShanghaiTech/part_B/test_data/ground-truth/GT_IMG_312.mat,768,1024,51,0,test
313,test,/kaggle/input/datasets/tthien/shanghaitech/ShanghaiTech/part_B/test_data/images/IMG_313.jpg,/kaggle/input/datasets/tthien/shanghaitech/ShanghaiTech/part_B/test_data/ground-truth/GT_IMG_313.mat,768,1024,29,0,test
314,test,/kaggle/input/datasets/tthien/shanghaitech/ShanghaiTech/part_B/test_data/images/IMG_314.jpg,/kaggle/input/datasets/tthien/shanghaitech/ShanghaiTech/part_B/test_data/ground-truth/GT_IMG_314.mat,768,1024,51,0,test
315,test,/kaggle/input/datasets/tthien/shanghaitech/ShanghaiTech/part_B/test_data/images/IMG_315.jpg,/kaggle/input/datasets/tthien/shanghaitech/ShanghaiTech/part_B/test_data/ground-truth/GT_IMG_315.mat,768,1024,54,0,test
316,test,/kaggle/input/datasets/tthien/shanghaitech/ShanghaiTech/part_B/test_data/images/IMG_316.jpg,/kaggle/input/datasets/tthien/shanghaitech/ShanghaiTech/part_B/test_data/ground-truth/GT_IMG_316.mat,768,1024,429,0,test
